job Title,adresse company,time,Domaine,Fonction,Contrat,Entreprise,salaire,Niveau_etude
Agent de Technique Informatique,Casablanca,Aujourd'hui,Domaine : Informatique / Multimédia / Internet,Fonction : Informatique - Systèmes d'Information,Contrat : CDI,Entreprise : Confidentiel,Salaire : A discuter,Niveau d'études : Bac plus 2
Ingénieur développeur Symfony / PHP 7,Marrakech,Aujourd'hui,Domaine : Informatique / Multimédia / Internet,Fonction : Informatique - Développement,Contrat : CDI,Entreprise : Alter IPSO,Salaire : 8 000 - 10 000 DH,Niveau d'études : Bac plus 5
INFOGRAPHIE DESING,Casablanca,Aujourd'hui,Domaine : Informatique / Multimédia / Internet,Fonction : Informatique - Webdesign/Infographie,Contrat : A discuter,Entreprise : CONFIDENTIEL,Salaire : A discuter,Niveau d'études : Bac plus 2
Intégration erp odoo,Casablanca,Aujourd'hui,Domaine : Informatique / Multimédia / Internet,Fonction : Informatique - Systèmes d'Information,Contrat : CDI,Entreprise : Bociel,Salaire : A discuter,Niveau d'études : Pas important
Commercial Expérimenté pour Startup Innovante IT,Casablanca,Aujourd'hui,Domaine : Informatique / Multimédia / Internet,Fonction : Informatique - Systèmes d'Information,Contrat : CDI,Entreprise : Bociel,Salaire : A discuter,Niveau d'études : Pas important
Technicien HELP DESK,Agadir,Aujourd'hui,Domaine : Informatique / Multimédia / Internet,Fonction : Informatique - Systèmes/Réseaux,Contrat : CDI,Entreprise : STE CORAMI,Salaire : A discuter,Niveau d'études : Bac plus 2
INFORMATICIEN,Casablanca,Aujourd'hui,Domaine : Informatique / Multimédia / Internet,Fonction : Informatique - Systèmes/Réseaux,Contrat : A discuter,Entreprise : commercialisation de marbre,Salaire : A discuter,Niveau d'études : Bac plus 3
Ingénieur Commercial(e),Casablanca,Aujourd'hui,Domaine : Informatique / Multimédia / Internet,Fonction : Commercial professionnels (B2B),Contrat : A discuter,Entreprise : 3N Systèmes,Salaire : A discuter,Niveau d'études : Bac plus 5
Technicien en iformatique et réseau,Casablanca,Hier21:55,Domaine : Informatique / Multimédia / Internet,Fonction : Informatique - Systèmes/Réseaux,Contrat : CDI,Entreprise : cc,Salaire : A discuter,Niveau d'études : Pas important
Technicien en informatique Deroua et Casa,Casablanca,Hier20:21,Domaine : Informatique / Multimédia / Internet,Fonction : Informatique - Systèmes/Réseaux,Contrat : CDI,Entreprise : CS elec,Salaire : A discuter,Niveau d'études : Pas important
Jeune Débutant Informatiques,Mohammedia,Hier18:53,Domaine : Informatique / Multimédia / Internet,Fonction : Assistant/Ventes/Accueil,Contrat : A discuter,Entreprise : ElectroMarket,Salaire : A discuter,Niveau d'études : Pas important
نبحث عن شاب(ة) محل بيع الحواسيب,Mohammedia,Hier18:37,Domaine : Informatique / Multimédia / Internet,Fonction : Assistant/Ventes/Accueil,Contrat : A discuter,Entreprise : ElectroMarket,Salaire : A discuter,Niveau d'études : Pas important
Stage PFE - Business developer,Casablanca,Hier17:01,Domaine : Informatique / Multimédia / Internet,Fonction : Commercial IT/Agence Com,Contrat : Stage,Entreprise : BC tech,Salaire : Commission,Niveau d'études : Pas important
Stage PFE en développement mobile React Native,Casablanca,Hier17:01,Domaine : Informatique / Multimédia / Internet,Fonction : Informatique - Développement,Contrat : Stage,Entreprise : WTech,Salaire : A discuter,Niveau d'études : Bac plus 5
Ingénieur Devops Cloud & Infrastructure,Casablanca,Hier17:00,Domaine : Informatique / Multimédia / Internet,Fonction : Informatique - Systèmes/Réseaux,Contrat : CDI,Entreprise : GT,Salaire : Plus de 10 000 DH,Niveau d'études : Bac plus 5
Stage PFE en Marketing digital & communication,Casablanca,Hier17:00,Domaine : Informatique / Multimédia / Internet,Fonction : Marketing/Communication,Contrat : Stage,Entreprise : TechW,Salaire : A discuter,Niveau d'études : Pas important
Developpeur SENIOR JAVA LIFERAY,Rabat,Hier15:20,Domaine : Informatique / Multimédia / Internet,Fonction : Informatique - Développement,Contrat : CDI,Entreprise : Agiwise,Salaire : A discuter,Niveau d'études : Bac plus 5
EVELOPPEUR SENIOR JAVA/LIFERAY,Rabat,Hier15:08,Domaine : Informatique / Multimédia / Internet,Fonction : Informatique - Développement,Contrat : CDI,Entreprise : AGIWISE,Salaire : A discuter,Niveau d'études : Bac plus 5
Video editor,Tout le Maroc,Hier15:01,Domaine : Informatique / Multimédia / Internet,Fonction : Marketing/Communication,Contrat : A discuter,Entreprise : Just media,Salaire : 2 000 - 3 000 DH,Niveau d'études : Pas important
Agent de Technique Informatique,Casablanca,Aujourd'hui,Domaine : Informatique / Multimédia / Internet,Fonction : Informatique - Systèmes d'Information,Contrat : CDI,Entreprise : Confidentiel,Salaire : A discuter,Niveau d'études : Bac plus 2
Ingénieur développeur Symfony / PHP 7,Marrakech,Aujourd'hui,Domaine : Informatique / Multimédia / Internet,Fonction : Informatique - Développement,Contrat : CDI,Entreprise : Alter IPSO,Salaire : 8 000 - 10 000 DH,Niveau d'études : Bac plus 5
INFOGRAPHIE DESING,Casablanca,Aujourd'hui,Domaine : Informatique / Multimédia / Internet,Fonction : Informatique - Webdesign/Infographie,Contrat : A discuter,Entreprise : CONFIDENTIEL,Salaire : A discuter,Niveau d'études : Bac plus 2
Intégration erp odoo,Casablanca,Aujourd'hui,Domaine : Informatique / Multimédia / Internet,Fonction : Informatique - Systèmes d'Information,Contrat : CDI,Entreprise : Bociel,Salaire : A discuter,Niveau d'études : Pas important
Commercial Expérimenté pour Startup Innovante IT,Casablanca,Aujourd'hui,Domaine : Informatique / Multimédia / Internet,Fonction : Informatique - Systèmes d'Information,Contrat : CDI,Entreprise : Bociel,Salaire : A discuter,Niveau d'études : Pas important
Technicien HELP DESK,Agadir,Aujourd'hui,Domaine : Informatique / Multimédia / Internet,Fonction : Informatique - Systèmes/Réseaux,Contrat : CDI,Entreprise : STE CORAMI,Salaire : A discuter,Niveau d'études : Bac plus 2
INFORMATICIEN,Casablanca,Aujourd'hui,Domaine : Informatique / Multimédia / Internet,Fonction : Informatique - Systèmes/Réseaux,Contrat : A discuter,Entreprise : commercialisation de marbre,Salaire : A discuter,Niveau d'études : Bac plus 3
Ingénieur Commercial(e),Casablanca,Aujourd'hui,Domaine : Informatique / Multimédia / Internet,Fonction : Commercial professionnels (B2B),Contrat : A discuter,Entreprise : 3N Systèmes,Salaire : A discuter,Niveau d'études : Bac plus 5
Technicien en iformatique et réseau,Casablanca,Hier21:55,Domaine : Informatique / Multimédia / Internet,Fonction : Informatique - Systèmes/Réseaux,Contrat : CDI,Entreprise : cc,Salaire : A discuter,Niveau d'études : Pas important
Technicien en informatique Deroua et Casa,Casablanca,Hier20:21,Domaine : Informatique / Multimédia / Internet,Fonction : Informatique - Systèmes/Réseaux,Contrat : CDI,Entreprise : CS elec,Salaire : A discuter,Niveau d'études : Pas important
Jeune Débutant Informatiques,Mohammedia,Hier18:53,Domaine : Informatique / Multimédia / Internet,Fonction : Assistant/Ventes/Accueil,Contrat : A discuter,Entreprise : ElectroMarket,Salaire : A discuter,Niveau d'études : Pas important
نبحث عن شاب(ة) محل بيع الحواسيب,Mohammedia,Hier18:37,Domaine : Informatique / Multimédia / Internet,Fonction : Assistant/Ventes/Accueil,Contrat : A discuter,Entreprise : ElectroMarket,Salaire : A discuter,Niveau d'études : Pas important
Stage PFE - Business developer,Casablanca,Hier17:01,Domaine : Informatique / Multimédia / Internet,Fonction : Commercial IT/Agence Com,Contrat : Stage,Entreprise : BC tech,Salaire : Commission,Niveau d'études : Pas important
Stage PFE en développement mobile React Native,Casablanca,Hier17:01,Domaine : Informatique / Multimédia / Internet,Fonction : Informatique - Développement,Contrat : Stage,Entreprise : WTech,Salaire : A discuter,Niveau d'études : Bac plus 5
Ingénieur Devops Cloud & Infrastructure,Casablanca,Hier17:00,Domaine : Informatique / Multimédia / Internet,Fonction : Informatique - Systèmes/Réseaux,Contrat : CDI,Entreprise : GT,Salaire : Plus de 10 000 DH,Niveau d'études : Bac plus 5
Stage PFE en Marketing digital & communication,Casablanca,Hier17:00,Domaine : Informatique / Multimédia / Internet,Fonction : Marketing/Communication,Contrat : Stage,Entreprise : TechW,Salaire : A discuter,Niveau d'études : Pas important
Developpeur SENIOR JAVA LIFERAY,Rabat,Hier15:20,Domaine : Informatique / Multimédia / Internet,Fonction : Informatique - Développement,Contrat : CDI,Entreprise : Agiwise,Salaire : A discuter,Niveau d'études : Bac plus 5
EVELOPPEUR SENIOR JAVA/LIFERAY,Rabat,Hier15:08,Domaine : Informatique / Multimédia / Internet,Fonction : Informatique - Développement,Contrat : CDI,Entreprise : AGIWISE,Salaire : A discuter,Niveau d'études : Bac plus 5
Video editor,Tout le Maroc,Hier15:01,Domaine : Informatique / Multimédia / Internet,Fonction : Marketing/Communication,Contrat : A discuter,Entreprise : Just media,Salaire : 2 000 - 3 000 DH,Niveau d'études : Pas important
Agent de Technique Informatique,Casablanca,Aujourd'hui,Domaine : Informatique / Multimédia / Internet,Fonction : Informatique - Systèmes d'Information,Contrat : CDI,Entreprise : Confidentiel,Salaire : A discuter,Niveau d'études : Bac plus 2
Ingénieur développeur Symfony / PHP 7,Marrakech,Aujourd'hui,Domaine : Informatique / Multimédia / Internet,Fonction : Informatique - Développement,Contrat : CDI,Entreprise : Alter IPSO,Salaire : 8 000 - 10 000 DH,Niveau d'études : Bac plus 5
INFOGRAPHIE DESING,Casablanca,Aujourd'hui,Domaine : Informatique / Multimédia / Internet,Fonction : Informatique - Webdesign/Infographie,Contrat : A discuter,Entreprise : CONFIDENTIEL,Salaire : A discuter,Niveau d'études : Bac plus 2
Intégration erp odoo,Casablanca,Aujourd'hui,Domaine : Informatique / Multimédia / Internet,Fonction : Informatique - Systèmes d'Information,Contrat : CDI,Entreprise : Bociel,Salaire : A discuter,Niveau d'études : Pas important
Commercial Expérimenté pour Startup Innovante IT,Casablanca,Aujourd'hui,Domaine : Informatique / Multimédia / Internet,Fonction : Informatique - Systèmes d'Information,Contrat : CDI,Entreprise : Bociel,Salaire : A discuter,Niveau d'études : Pas important
Technicien HELP DESK,Agadir,Aujourd'hui,Domaine : Informatique / Multimédia / Internet,Fonction : Informatique - Systèmes/Réseaux,Contrat : CDI,Entreprise : STE CORAMI,Salaire : A discuter,Niveau d'études : Bac plus 2
INFORMATICIEN,Casablanca,Aujourd'hui,Domaine : Informatique / Multimédia / Internet,Fonction : Informatique - Systèmes/Réseaux,Contrat : A discuter,Entreprise : commercialisation de marbre,Salaire : A discuter,Niveau d'études : Bac plus 3
Ingénieur Commercial(e),Casablanca,Aujourd'hui,Domaine : Informatique / Multimédia / Internet,Fonction : Commercial professionnels (B2B),Contrat : A discuter,Entreprise : 3N Systèmes,Salaire : A discuter,Niveau d'études : Bac plus 5
Technicien en iformatique et réseau,Casablanca,Hier21:55,Domaine : Informatique / Multimédia / Internet,Fonction : Informatique - Systèmes/Réseaux,Contrat : CDI,Entreprise : cc,Salaire : A discuter,Niveau d'études : Pas important
Technicien en informatique Deroua et Casa,Casablanca,Hier20:21,Domaine : Informatique / Multimédia / Internet,Fonction : Informatique - Systèmes/Réseaux,Contrat : CDI,Entreprise : CS elec,Salaire : A discuter,Niveau d'études : Pas important
Jeune Débutant Informatiques,Mohammedia,Hier18:53,Domaine : Informatique / Multimédia / Internet,Fonction : Assistant/Ventes/Accueil,Contrat : A discuter,Entreprise : ElectroMarket,Salaire : A discuter,Niveau d'études : Pas important
نبحث عن شاب(ة) محل بيع الحواسيب,Mohammedia,Hier18:37,Domaine : Informatique / Multimédia / Internet,Fonction : Assistant/Ventes/Accueil,Contrat : A discuter,Entreprise : ElectroMarket,Salaire : A discuter,Niveau d'études : Pas important
Stage PFE - Business developer,Casablanca,Hier17:01,Domaine : Informatique / Multimédia / Internet,Fonction : Commercial IT/Agence Com,Contrat : Stage,Entreprise : BC tech,Salaire : Commission,Niveau d'études : Pas important
Stage PFE en développement mobile React Native,Casablanca,Hier17:01,Domaine : Informatique / Multimédia / Internet,Fonction : Informatique - Développement,Contrat : Stage,Entreprise : WTech,Salaire : A discuter,Niveau d'études : Bac plus 5
Ingénieur Devops Cloud & Infrastructure,Casablanca,Hier17:00,Domaine : Informatique / Multimédia / Internet,Fonction : Informatique - Systèmes/Réseaux,Contrat : CDI,Entreprise : GT,Salaire : Plus de 10 000 DH,Niveau d'études : Bac plus 5
Stage PFE en Marketing digital & communication,Casablanca,Hier17:00,Domaine : Informatique / Multimédia / Internet,Fonction : Marketing/Communication,Contrat : Stage,Entreprise : TechW,Salaire : A discuter,Niveau d'études : Pas important
Developpeur SENIOR JAVA LIFERAY,Rabat,Hier15:20,Domaine : Informatique / Multimédia / Internet,Fonction : Informatique - Développement,Contrat : CDI,Entreprise : Agiwise,Salaire : A discuter,Niveau d'études : Bac plus 5
EVELOPPEUR SENIOR JAVA/LIFERAY,Rabat,Hier15:08,Domaine : Informatique / Multimédia / Internet,Fonction : Informatique - Développement,Contrat : CDI,Entreprise : AGIWISE,Salaire : A discuter,Niveau d'études : Bac plus 5
Video editor,Tout le Maroc,Hier15:01,Domaine : Informatique / Multimédia / Internet,Fonction : Marketing/Communication,Contrat : A discuter,Entreprise : Just media,Salaire : 2 000 - 3 000 DH,Niveau d'études : Pas important
Agent de Technique Informatique,Casablanca,Aujourd'hui,Domaine : Informatique / Multimédia / Internet,Fonction : Informatique - Systèmes d'Information,Contrat : CDI,Entreprise : Confidentiel,Salaire : A discuter,Niveau d'études : Bac plus 2
Ingénieur développeur Symfony / PHP 7,Marrakech,Aujourd'hui,Domaine : Informatique / Multimédia / Internet,Fonction : Informatique - Développement,Contrat : CDI,Entreprise : Alter IPSO,Salaire : 8 000 - 10 000 DH,Niveau d'études : Bac plus 5
INFOGRAPHIE DESING,Casablanca,Aujourd'hui,Domaine : Informatique / Multimédia / Internet,Fonction : Informatique - Webdesign/Infographie,Contrat : A discuter,Entreprise : CONFIDENTIEL,Salaire : A discuter,Niveau d'études : Bac plus 2
Intégration erp odoo,Casablanca,Aujourd'hui,Domaine : Informatique / Multimédia / Internet,Fonction : Informatique - Systèmes d'Information,Contrat : CDI,Entreprise : Bociel,Salaire : A discuter,Niveau d'études : Pas important
Commercial Expérimenté pour Startup Innovante IT,Casablanca,Aujourd'hui,Domaine : Informatique / Multimédia / Internet,Fonction : Informatique - Systèmes d'Information,Contrat : CDI,Entreprise : Bociel,Salaire : A discuter,Niveau d'études : Pas important
Technicien HELP DESK,Agadir,Aujourd'hui,Domaine : Informatique / Multimédia / Internet,Fonction : Informatique - Systèmes/Réseaux,Contrat : CDI,Entreprise : STE CORAMI,Salaire : A discuter,Niveau d'études : Bac plus 2
INFORMATICIEN,Casablanca,Aujourd'hui,Domaine : Informatique / Multimédia / Internet,Fonction : Informatique - Systèmes/Réseaux,Contrat : A discuter,Entreprise : commercialisation de marbre,Salaire : A discuter,Niveau d'études : Bac plus 3
Ingénieur Commercial(e),Casablanca,Aujourd'hui,Domaine : Informatique / Multimédia / Internet,Fonction : Commercial professionnels (B2B),Contrat : A discuter,Entreprise : 3N Systèmes,Salaire : A discuter,Niveau d'études : Bac plus 5
Technicien en iformatique et réseau,Casablanca,Hier21:55,Domaine : Informatique / Multimédia / Internet,Fonction : Informatique - Systèmes/Réseaux,Contrat : CDI,Entreprise : cc,Salaire : A discuter,Niveau d'études : Pas important
Technicien en informatique Deroua et Casa,Casablanca,Hier20:21,Domaine : Informatique / Multimédia / Internet,Fonction : Informatique - Systèmes/Réseaux,Contrat : CDI,Entreprise : CS elec,Salaire : A discuter,Niveau d'études : Pas important
Jeune Débutant Informatiques,Mohammedia,Hier18:53,Domaine : Informatique / Multimédia / Internet,Fonction : Assistant/Ventes/Accueil,Contrat : A discuter,Entreprise : ElectroMarket,Salaire : A discuter,Niveau d'études : Pas important
نبحث عن شاب(ة) محل بيع الحواسيب,Mohammedia,Hier18:37,Domaine : Informatique / Multimédia / Internet,Fonction : Assistant/Ventes/Accueil,Contrat : A discuter,Entreprise : ElectroMarket,Salaire : A discuter,Niveau d'études : Pas important
Stage PFE - Business developer,Casablanca,Hier17:01,Domaine : Informatique / Multimédia / Internet,Fonction : Commercial IT/Agence Com,Contrat : Stage,Entreprise : BC tech,Salaire : Commission,Niveau d'études : Pas important
Stage PFE en développement mobile React Native,Casablanca,Hier17:01,Domaine : Informatique / Multimédia / Internet,Fonction : Informatique - Développement,Contrat : Stage,Entreprise : WTech,Salaire : A discuter,Niveau d'études : Bac plus 5
Ingénieur Devops Cloud & Infrastructure,Casablanca,Hier17:00,Domaine : Informatique / Multimédia / Internet,Fonction : Informatique - Systèmes/Réseaux,Contrat : CDI,Entreprise : GT,Salaire : Plus de 10 000 DH,Niveau d'études : Bac plus 5
Stage PFE en Marketing digital & communication,Casablanca,Hier17:00,Domaine : Informatique / Multimédia / Internet,Fonction : Marketing/Communication,Contrat : Stage,Entreprise : TechW,Salaire : A discuter,Niveau d'études : Pas important
Developpeur SENIOR JAVA LIFERAY,Rabat,Hier15:20,Domaine : Informatique / Multimédia / Internet,Fonction : Informatique - Développement,Contrat : CDI,Entreprise : Agiwise,Salaire : A discuter,Niveau d'études : Bac plus 5
EVELOPPEUR SENIOR JAVA/LIFERAY,Rabat,Hier15:08,Domaine : Informatique / Multimédia / Internet,Fonction : Informatique - Développement,Contrat : CDI,Entreprise : AGIWISE,Salaire : A discuter,Niveau d'études : Bac plus 5
Video editor,Tout le Maroc,Hier15:01,Domaine : Informatique / Multimédia / Internet,Fonction : Marketing/Communication,Contrat : A discuter,Entreprise : Just media,Salaire : 2 000 - 3 000 DH,Niveau d'études : Pas important
Agent de Technique Informatique,Casablanca,Aujourd'hui,Domaine : Informatique / Multimédia / Internet,Fonction : Informatique - Systèmes d'Information,Contrat : CDI,Entreprise : Confidentiel,Salaire : A discuter,Niveau d'études : Bac plus 2
Ingénieur développeur Symfony / PHP 7,Marrakech,Aujourd'hui,Domaine : Informatique / Multimédia / Internet,Fonction : Informatique - Développement,Contrat : CDI,Entreprise : Alter IPSO,Salaire : 8 000 - 10 000 DH,Niveau d'études : Bac plus 5
INFOGRAPHIE DESING,Casablanca,Aujourd'hui,Domaine : Informatique / Multimédia / Internet,Fonction : Informatique - Webdesign/Infographie,Contrat : A discuter,Entreprise : CONFIDENTIEL,Salaire : A discuter,Niveau d'études : Bac plus 2
Intégration erp odoo,Casablanca,Aujourd'hui,Domaine : Informatique / Multimédia / Internet,Fonction : Informatique - Systèmes d'Information,Contrat : CDI,Entreprise : Bociel,Salaire : A discuter,Niveau d'études : Pas important
Commercial Expérimenté pour Startup Innovante IT,Casablanca,Aujourd'hui,Domaine : Informatique / Multimédia / Internet,Fonction : Informatique - Systèmes d'Information,Contrat : CDI,Entreprise : Bociel,Salaire : A discuter,Niveau d'études : Pas important
Technicien HELP DESK,Agadir,Aujourd'hui,Domaine : Informatique / Multimédia / Internet,Fonction : Informatique - Systèmes/Réseaux,Contrat : CDI,Entreprise : STE CORAMI,Salaire : A discuter,Niveau d'études : Bac plus 2
INFORMATICIEN,Casablanca,Aujourd'hui,Domaine : Informatique / Multimédia / Internet,Fonction : Informatique - Systèmes/Réseaux,Contrat : A discuter,Entreprise : commercialisation de marbre,Salaire : A discuter,Niveau d'études : Bac plus 3
Ingénieur Commercial(e),Casablanca,Aujourd'hui,Domaine : Informatique / Multimédia / Internet,Fonction : Commercial professionnels (B2B),Contrat : A discuter,Entreprise : 3N Systèmes,Salaire : A discuter,Niveau d'études : Bac plus 5
Technicien en iformatique et réseau,Casablanca,Hier21:55,Domaine : Informatique / Multimédia / Internet,Fonction : Informatique - Systèmes/Réseaux,Contrat : CDI,Entreprise : cc,Salaire : A discuter,Niveau d'études : Pas important
Technicien en informatique Deroua et Casa,Casablanca,Hier20:21,Domaine : Informatique / Multimédia / Internet,Fonction : Informatique - Systèmes/Réseaux,Contrat : CDI,Entreprise : CS elec,Salaire : A discuter,Niveau d'études : Pas important
Jeune Débutant Informatiques,Mohammedia,Hier18:53,Domaine : Informatique / Multimédia / Internet,Fonction : Assistant/Ventes/Accueil,Contrat : A discuter,Entreprise : ElectroMarket,Salaire : A discuter,Niveau d'études : Pas important
نبحث عن شاب(ة) محل بيع الحواسيب,Mohammedia,Hier18:37,Domaine : Informatique / Multimédia / Internet,Fonction : Assistant/Ventes/Accueil,Contrat : A discuter,Entreprise : ElectroMarket,Salaire : A discuter,Niveau d'études : Pas important
Stage PFE - Business developer,Casablanca,Hier17:01,Domaine : Informatique / Multimédia / Internet,Fonction : Commercial IT/Agence Com,Contrat : Stage,Entreprise : BC tech,Salaire : Commission,Niveau d'études : Pas important
Stage PFE en développement mobile React Native,Casablanca,Hier17:01,Domaine : Informatique / Multimédia / Internet,Fonction : Informatique - Développement,Contrat : Stage,Entreprise : WTech,Salaire : A discuter,Niveau d'études : Bac plus 5
Ingénieur Devops Cloud & Infrastructure,Casablanca,Hier17:00,Domaine : Informatique / Multimédia / Internet,Fonction : Informatique - Systèmes/Réseaux,Contrat : CDI,Entreprise : GT,Salaire : Plus de 10 000 DH,Niveau d'études : Bac plus 5
Stage PFE en Marketing digital & communication,Casablanca,Hier17:00,Domaine : Informatique / Multimédia / Internet,Fonction : Marketing/Communication,Contrat : Stage,Entreprise : TechW,Salaire : A discuter,Niveau d'études : Pas important
Developpeur SENIOR JAVA LIFERAY,Rabat,Hier15:20,Domaine : Informatique / Multimédia / Internet,Fonction : Informatique - Développement,Contrat : CDI,Entreprise : Agiwise,Salaire : A discuter,Niveau d'études : Bac plus 5
EVELOPPEUR SENIOR JAVA/LIFERAY,Rabat,Hier15:08,Domaine : Informatique / Multimédia / Internet,Fonction : Informatique - Développement,Contrat : CDI,Entreprise : AGIWISE,Salaire : A discuter,Niveau d'études : Bac plus 5
Video editor,Tout le Maroc,Hier15:01,Domaine : Informatique / Multimédia / Internet,Fonction : Marketing/Communication,Contrat : A discuter,Entreprise : Just media,Salaire : 2 000 - 3 000 DH,Niveau d'études : Pas important
Agent de Technique Informatique,Casablanca,Aujourd'hui,Domaine : Informatique / Multimédia / Internet,Fonction : Informatique - Systèmes d'Information,Contrat : CDI,Entreprise : Confidentiel,Salaire : A discuter,Niveau d'études : Bac plus 2
Ingénieur développeur Symfony / PHP 7,Marrakech,Aujourd'hui,Domaine : Informatique / Multimédia / Internet,Fonction : Informatique - Développement,Contrat : CDI,Entreprise : Alter IPSO,Salaire : 8 000 - 10 000 DH,Niveau d'études : Bac plus 5
INFOGRAPHIE DESING,Casablanca,Aujourd'hui,Domaine : Informatique / Multimédia / Internet,Fonction : Informatique - Webdesign/Infographie,Contrat : A discuter,Entreprise : CONFIDENTIEL,Salaire : A discuter,Niveau d'études : Bac plus 2
Intégration erp odoo,Casablanca,Aujourd'hui,Domaine : Informatique / Multimédia / Internet,Fonction : Informatique - Systèmes d'Information,Contrat : CDI,Entreprise : Bociel,Salaire : A discuter,Niveau d'études : Pas important
Commercial Expérimenté pour Startup Innovante IT,Casablanca,Aujourd'hui,Domaine : Informatique / Multimédia / Internet,Fonction : Informatique - Systèmes d'Information,Contrat : CDI,Entreprise : Bociel,Salaire : A discuter,Niveau d'études : Pas important
Technicien HELP DESK,Agadir,Aujourd'hui,Domaine : Informatique / Multimédia / Internet,Fonction : Informatique - Systèmes/Réseaux,Contrat : CDI,Entreprise : STE CORAMI,Salaire : A discuter,Niveau d'études : Bac plus 2
INFORMATICIEN,Casablanca,Aujourd'hui,Domaine : Informatique / Multimédia / Internet,Fonction : Informatique - Systèmes/Réseaux,Contrat : A discuter,Entreprise : commercialisation de marbre,Salaire : A discuter,Niveau d'études : Bac plus 3
Ingénieur Commercial(e),Casablanca,Aujourd'hui,Domaine : Informatique / Multimédia / Internet,Fonction : Commercial professionnels (B2B),Contrat : A discuter,Entreprise : 3N Systèmes,Salaire : A discuter,Niveau d'études : Bac plus 5
Technicien en iformatique et réseau,Casablanca,Hier21:55,Domaine : Informatique / Multimédia / Internet,Fonction : Informatique - Systèmes/Réseaux,Contrat : CDI,Entreprise : cc,Salaire : A discuter,Niveau d'études : Pas important
Technicien en informatique Deroua et Casa,Casablanca,Hier20:21,Domaine : Informatique / Multimédia / Internet,Fonction : Informatique - Systèmes/Réseaux,Contrat : CDI,Entreprise : CS elec,Salaire : A discuter,Niveau d'études : Pas important
Jeune Débutant Informatiques,Mohammedia,Hier18:53,Domaine : Informatique / Multimédia / Internet,Fonction : Assistant/Ventes/Accueil,Contrat : A discuter,Entreprise : ElectroMarket,Salaire : A discuter,Niveau d'études : Pas important
نبحث عن شاب(ة) محل بيع الحواسيب,Mohammedia,Hier18:37,Domaine : Informatique / Multimédia / Internet,Fonction : Assistant/Ventes/Accueil,Contrat : A discuter,Entreprise : ElectroMarket,Salaire : A discuter,Niveau d'études : Pas important
Stage PFE - Business developer,Casablanca,Hier17:01,Domaine : Informatique / Multimédia / Internet,Fonction : Commercial IT/Agence Com,Contrat : Stage,Entreprise : BC tech,Salaire : Commission,Niveau d'études : Pas important
Stage PFE en développement mobile React Native,Casablanca,Hier17:01,Domaine : Informatique / Multimédia / Internet,Fonction : Informatique - Développement,Contrat : Stage,Entreprise : WTech,Salaire : A discuter,Niveau d'études : Bac plus 5
Ingénieur Devops Cloud & Infrastructure,Casablanca,Hier17:00,Domaine : Informatique / Multimédia / Internet,Fonction : Informatique - Systèmes/Réseaux,Contrat : CDI,Entreprise : GT,Salaire : Plus de 10 000 DH,Niveau d'études : Bac plus 5
Stage PFE en Marketing digital & communication,Casablanca,Hier17:00,Domaine : Informatique / Multimédia / Internet,Fonction : Marketing/Communication,Contrat : Stage,Entreprise : TechW,Salaire : A discuter,Niveau d'études : Pas important
Developpeur SENIOR JAVA LIFERAY,Rabat,Hier15:20,Domaine : Informatique / Multimédia / Internet,Fonction : Informatique - Développement,Contrat : CDI,Entreprise : Agiwise,Salaire : A discuter,Niveau d'études : Bac plus 5
EVELOPPEUR SENIOR JAVA/LIFERAY,Rabat,Hier15:08,Domaine : Informatique / Multimédia / Internet,Fonction : Informatique - Développement,Contrat : CDI,Entreprise : AGIWISE,Salaire : A discuter,Niveau d'études : Bac plus 5
Video editor,Tout le Maroc,Hier15:01,Domaine : Informatique / Multimédia / Internet,Fonction : Marketing/Communication,Contrat : A discuter,Entreprise : Just media,Salaire : 2 000 - 3 000 DH,Niveau d'études : Pas important
Agent de Technique Informatique,Casablanca,Aujourd'hui,Domaine : Informatique / Multimédia / Internet,Fonction : Informatique - Systèmes d'Information,Contrat : CDI,Entreprise : Confidentiel,Salaire : A discuter,Niveau d'études : Bac plus 2
Ingénieur développeur Symfony / PHP 7,Marrakech,Aujourd'hui,Domaine : Informatique / Multimédia / Internet,Fonction : Informatique - Développement,Contrat : CDI,Entreprise : Alter IPSO,Salaire : 8 000 - 10 000 DH,Niveau d'études : Bac plus 5
INFOGRAPHIE DESING,Casablanca,Aujourd'hui,Domaine : Informatique / Multimédia / Internet,Fonction : Informatique - Webdesign/Infographie,Contrat : A discuter,Entreprise : CONFIDENTIEL,Salaire : A discuter,Niveau d'études : Bac plus 2
Intégration erp odoo,Casablanca,Aujourd'hui,Domaine : Informatique / Multimédia / Internet,Fonction : Informatique - Systèmes d'Information,Contrat : CDI,Entreprise : Bociel,Salaire : A discuter,Niveau d'études : Pas important
Commercial Expérimenté pour Startup Innovante IT,Casablanca,Aujourd'hui,Domaine : Informatique / Multimédia / Internet,Fonction : Informatique - Systèmes d'Information,Contrat : CDI,Entreprise : Bociel,Salaire : A discuter,Niveau d'études : Pas important
Technicien HELP DESK,Agadir,Aujourd'hui,Domaine : Informatique / Multimédia / Internet,Fonction : Informatique - Systèmes/Réseaux,Contrat : CDI,Entreprise : STE CORAMI,Salaire : A discuter,Niveau d'études : Bac plus 2
INFORMATICIEN,Casablanca,Aujourd'hui,Domaine : Informatique / Multimédia / Internet,Fonction : Informatique - Systèmes/Réseaux,Contrat : A discuter,Entreprise : commercialisation de marbre,Salaire : A discuter,Niveau d'études : Bac plus 3
Ingénieur Commercial(e),Casablanca,Aujourd'hui,Domaine : Informatique / Multimédia / Internet,Fonction : Commercial professionnels (B2B),Contrat : A discuter,Entreprise : 3N Systèmes,Salaire : A discuter,Niveau d'études : Bac plus 5
Technicien en iformatique et réseau,Casablanca,Hier21:55,Domaine : Informatique / Multimédia / Internet,Fonction : Informatique - Systèmes/Réseaux,Contrat : CDI,Entreprise : cc,Salaire : A discuter,Niveau d'études : Pas important
Technicien en informatique Deroua et Casa,Casablanca,Hier20:21,Domaine : Informatique / Multimédia / Internet,Fonction : Informatique - Systèmes/Réseaux,Contrat : CDI,Entreprise : CS elec,Salaire : A discuter,Niveau d'études : Pas important
Jeune Débutant Informatiques,Mohammedia,Hier18:53,Domaine : Informatique / Multimédia / Internet,Fonction : Assistant/Ventes/Accueil,Contrat : A discuter,Entreprise : ElectroMarket,Salaire : A discuter,Niveau d'études : Pas important
نبحث عن شاب(ة) محل بيع الحواسيب,Mohammedia,Hier18:37,Domaine : Informatique / Multimédia / Internet,Fonction : Assistant/Ventes/Accueil,Contrat : A discuter,Entreprise : ElectroMarket,Salaire : A discuter,Niveau d'études : Pas important
Stage PFE - Business developer,Casablanca,Hier17:01,Domaine : Informatique / Multimédia / Internet,Fonction : Commercial IT/Agence Com,Contrat : Stage,Entreprise : BC tech,Salaire : Commission,Niveau d'études : Pas important
Stage PFE en développement mobile React Native,Casablanca,Hier17:01,Domaine : Informatique / Multimédia / Internet,Fonction : Informatique - Développement,Contrat : Stage,Entreprise : WTech,Salaire : A discuter,Niveau d'études : Bac plus 5
Ingénieur Devops Cloud & Infrastructure,Casablanca,Hier17:00,Domaine : Informatique / Multimédia / Internet,Fonction : Informatique - Systèmes/Réseaux,Contrat : CDI,Entreprise : GT,Salaire : Plus de 10 000 DH,Niveau d'études : Bac plus 5
Stage PFE en Marketing digital & communication,Casablanca,Hier17:00,Domaine : Informatique / Multimédia / Internet,Fonction : Marketing/Communication,Contrat : Stage,Entreprise : TechW,Salaire : A discuter,Niveau d'études : Pas important
Developpeur SENIOR JAVA LIFERAY,Rabat,Hier15:20,Domaine : Informatique / Multimédia / Internet,Fonction : Informatique - Développement,Contrat : CDI,Entreprise : Agiwise,Salaire : A discuter,Niveau d'études : Bac plus 5
EVELOPPEUR SENIOR JAVA/LIFERAY,Rabat,Hier15:08,Domaine : Informatique / Multimédia / Internet,Fonction : Informatique - Développement,Contrat : CDI,Entreprise : AGIWISE,Salaire : A discuter,Niveau d'études : Bac plus 5
Video editor,Tout le Maroc,Hier15:01,Domaine : Informatique / Multimédia / Internet,Fonction : Marketing/Communication,Contrat : A discuter,Entreprise : Just media,Salaire : 2 000 - 3 000 DH,Niveau d'études : Pas important
Agent de Technique Informatique,Casablanca,Aujourd'hui,Domaine : Informatique / Multimédia / Internet,Fonction : Informatique - Systèmes d'Information,Contrat : CDI,Entreprise : Confidentiel,Salaire : A discuter,Niveau d'études : Bac plus 2
Ingénieur développeur Symfony / PHP 7,Marrakech,Aujourd'hui,Domaine : Informatique / Multimédia / Internet,Fonction : Informatique - Développement,Contrat : CDI,Entreprise : Alter IPSO,Salaire : 8 000 - 10 000 DH,Niveau d'études : Bac plus 5
INFOGRAPHIE DESING,Casablanca,Aujourd'hui,Domaine : Informatique / Multimédia / Internet,Fonction : Informatique - Webdesign/Infographie,Contrat : A discuter,Entreprise : CONFIDENTIEL,Salaire : A discuter,Niveau d'études : Bac plus 2
Intégration erp odoo,Casablanca,Aujourd'hui,Domaine : Informatique / Multimédia / Internet,Fonction : Informatique - Systèmes d'Information,Contrat : CDI,Entreprise : Bociel,Salaire : A discuter,Niveau d'études : Pas important
Commercial Expérimenté pour Startup Innovante IT,Casablanca,Aujourd'hui,Domaine : Informatique / Multimédia / Internet,Fonction : Informatique - Systèmes d'Information,Contrat : CDI,Entreprise : Bociel,Salaire : A discuter,Niveau d'études : Pas important
Technicien HELP DESK,Agadir,Aujourd'hui,Domaine : Informatique / Multimédia / Internet,Fonction : Informatique - Systèmes/Réseaux,Contrat : CDI,Entreprise : STE CORAMI,Salaire : A discuter,Niveau d'études : Bac plus 2
INFORMATICIEN,Casablanca,Aujourd'hui,Domaine : Informatique / Multimédia / Internet,Fonction : Informatique - Systèmes/Réseaux,Contrat : A discuter,Entreprise : commercialisation de marbre,Salaire : A discuter,Niveau d'études : Bac plus 3
Ingénieur Commercial(e),Casablanca,Aujourd'hui,Domaine : Informatique / Multimédia / Internet,Fonction : Commercial professionnels (B2B),Contrat : A discuter,Entreprise : 3N Systèmes,Salaire : A discuter,Niveau d'études : Bac plus 5
Technicien en iformatique et réseau,Casablanca,Hier21:55,Domaine : Informatique / Multimédia / Internet,Fonction : Informatique - Systèmes/Réseaux,Contrat : CDI,Entreprise : cc,Salaire : A discuter,Niveau d'études : Pas important
Technicien en informatique Deroua et Casa,Casablanca,Hier20:21,Domaine : Informatique / Multimédia / Internet,Fonction : Informatique - Systèmes/Réseaux,Contrat : CDI,Entreprise : CS elec,Salaire : A discuter,Niveau d'études : Pas important
Jeune Débutant Informatiques,Mohammedia,Hier18:53,Domaine : Informatique / Multimédia / Internet,Fonction : Assistant/Ventes/Accueil,Contrat : A discuter,Entreprise : ElectroMarket,Salaire : A discuter,Niveau d'études : Pas important
نبحث عن شاب(ة) محل بيع الحواسيب,Mohammedia,Hier18:37,Domaine : Informatique / Multimédia / Internet,Fonction : Assistant/Ventes/Accueil,Contrat : A discuter,Entreprise : ElectroMarket,Salaire : A discuter,Niveau d'études : Pas important
Stage PFE - Business developer,Casablanca,Hier17:01,Domaine : Informatique / Multimédia / Internet,Fonction : Commercial IT/Agence Com,Contrat : Stage,Entreprise : BC tech,Salaire : Commission,Niveau d'études : Pas important
Stage PFE en développement mobile React Native,Casablanca,Hier17:01,Domaine : Informatique / Multimédia / Internet,Fonction : Informatique - Développement,Contrat : Stage,Entreprise : WTech,Salaire : A discuter,Niveau d'études : Bac plus 5
Ingénieur Devops Cloud & Infrastructure,Casablanca,Hier17:00,Domaine : Informatique / Multimédia / Internet,Fonction : Informatique - Systèmes/Réseaux,Contrat : CDI,Entreprise : GT,Salaire : Plus de 10 000 DH,Niveau d'études : Bac plus 5
Stage PFE en Marketing digital & communication,Casablanca,Hier17:00,Domaine : Informatique / Multimédia / Internet,Fonction : Marketing/Communication,Contrat : Stage,Entreprise : TechW,Salaire : A discuter,Niveau d'études : Pas important
Developpeur SENIOR JAVA LIFERAY,Rabat,Hier15:20,Domaine : Informatique / Multimédia / Internet,Fonction : Informatique - Développement,Contrat : CDI,Entreprise : Agiwise,Salaire : A discuter,Niveau d'études : Bac plus 5
EVELOPPEUR SENIOR JAVA/LIFERAY,Rabat,Hier15:08,Domaine : Informatique / Multimédia / Internet,Fonction : Informatique - Développement,Contrat : CDI,Entreprise : AGIWISE,Salaire : A discuter,Niveau d'études : Bac plus 5
Video editor,Tout le Maroc,Hier15:01,Domaine : Informatique / Multimédia / Internet,Fonction : Marketing/Communication,Contrat : A discuter,Entreprise : Just media,Salaire : 2 000 - 3 000 DH,Niveau d'études : Pas important
Agent de Technique Informatique,Casablanca,Aujourd'hui,Domaine : Informatique / Multimédia / Internet,Fonction : Informatique - Systèmes d'Information,Contrat : CDI,Entreprise : Confidentiel,Salaire : A discuter,Niveau d'études : Bac plus 2
Ingénieur développeur Symfony / PHP 7,Marrakech,Aujourd'hui,Domaine : Informatique / Multimédia / Internet,Fonction : Informatique - Développement,Contrat : CDI,Entreprise : Alter IPSO,Salaire : 8 000 - 10 000 DH,Niveau d'études : Bac plus 5
INFOGRAPHIE DESING,Casablanca,Aujourd'hui,Domaine : Informatique / Multimédia / Internet,Fonction : Informatique - Webdesign/Infographie,Contrat : A discuter,Entreprise : CONFIDENTIEL,Salaire : A discuter,Niveau d'études : Bac plus 2
Intégration erp odoo,Casablanca,Aujourd'hui,Domaine : Informatique / Multimédia / Internet,Fonction : Informatique - Systèmes d'Information,Contrat : CDI,Entreprise : Bociel,Salaire : A discuter,Niveau d'études : Pas important
Commercial Expérimenté pour Startup Innovante IT,Casablanca,Aujourd'hui,Domaine : Informatique / Multimédia / Internet,Fonction : Informatique - Systèmes d'Information,Contrat : CDI,Entreprise : Bociel,Salaire : A discuter,Niveau d'études : Pas important
Technicien HELP DESK,Agadir,Aujourd'hui,Domaine : Informatique / Multimédia / Internet,Fonction : Informatique - Systèmes/Réseaux,Contrat : CDI,Entreprise : STE CORAMI,Salaire : A discuter,Niveau d'études : Bac plus 2
INFORMATICIEN,Casablanca,Aujourd'hui,Domaine : Informatique / Multimédia / Internet,Fonction : Informatique - Systèmes/Réseaux,Contrat : A discuter,Entreprise : commercialisation de marbre,Salaire : A discuter,Niveau d'études : Bac plus 3
Ingénieur Commercial(e),Casablanca,Aujourd'hui,Domaine : Informatique / Multimédia / Internet,Fonction : Commercial professionnels (B2B),Contrat : A discuter,Entreprise : 3N Systèmes,Salaire : A discuter,Niveau d'études : Bac plus 5
Technicien en iformatique et réseau,Casablanca,Hier21:55,Domaine : Informatique / Multimédia / Internet,Fonction : Informatique - Systèmes/Réseaux,Contrat : CDI,Entreprise : cc,Salaire : A discuter,Niveau d'études : Pas important
Technicien en informatique Deroua et Casa,Casablanca,Hier20:21,Domaine : Informatique / Multimédia / Internet,Fonction : Informatique - Systèmes/Réseaux,Contrat : CDI,Entreprise : CS elec,Salaire : A discuter,Niveau d'études : Pas important
Jeune Débutant Informatiques,Mohammedia,Hier18:53,Domaine : Informatique / Multimédia / Internet,Fonction : Assistant/Ventes/Accueil,Contrat : A discuter,Entreprise : ElectroMarket,Salaire : A discuter,Niveau d'études : Pas important
نبحث عن شاب(ة) محل بيع الحواسيب,Mohammedia,Hier18:37,Domaine : Informatique / Multimédia / Internet,Fonction : Assistant/Ventes/Accueil,Contrat : A discuter,Entreprise : ElectroMarket,Salaire : A discuter,Niveau d'études : Pas important
Stage PFE - Business developer,Casablanca,Hier17:01,Domaine : Informatique / Multimédia / Internet,Fonction : Commercial IT/Agence Com,Contrat : Stage,Entreprise : BC tech,Salaire : Commission,Niveau d'études : Pas important
Stage PFE en développement mobile React Native,Casablanca,Hier17:01,Domaine : Informatique / Multimédia / Internet,Fonction : Informatique - Développement,Contrat : Stage,Entreprise : WTech,Salaire : A discuter,Niveau d'études : Bac plus 5
Ingénieur Devops Cloud & Infrastructure,Casablanca,Hier17:00,Domaine : Informatique / Multimédia / Internet,Fonction : Informatique - Systèmes/Réseaux,Contrat : CDI,Entreprise : GT,Salaire : Plus de 10 000 DH,Niveau d'études : Bac plus 5
Stage PFE en Marketing digital & communication,Casablanca,Hier17:00,Domaine : Informatique / Multimédia / Internet,Fonction : Marketing/Communication,Contrat : Stage,Entreprise : TechW,Salaire : A discuter,Niveau d'études : Pas important
Developpeur SENIOR JAVA LIFERAY,Rabat,Hier15:20,Domaine : Informatique / Multimédia / Internet,Fonction : Informatique - Développement,Contrat : CDI,Entreprise : Agiwise,Salaire : A discuter,Niveau d'études : Bac plus 5
EVELOPPEUR SENIOR JAVA/LIFERAY,Rabat,Hier15:08,Domaine : Informatique / Multimédia / Internet,Fonction : Informatique - Développement,Contrat : CDI,Entreprise : AGIWISE,Salaire : A discuter,Niveau d'études : Bac plus 5
Video editor,Tout le Maroc,Hier15:01,Domaine : Informatique / Multimédia / Internet,Fonction : Marketing/Communication,Contrat : A discuter,Entreprise : Just media,Salaire : 2 000 - 3 000 DH,Niveau d'études : Pas important
Agent de Technique Informatique,Casablanca,Aujourd'hui,Domaine : Informatique / Multimédia / Internet,Fonction : Informatique - Systèmes d'Information,Contrat : CDI,Entreprise : Confidentiel,Salaire : A discuter,Niveau d'études : Bac plus 2
Ingénieur développeur Symfony / PHP 7,Marrakech,Aujourd'hui,Domaine : Informatique / Multimédia / Internet,Fonction : Informatique - Développement,Contrat : CDI,Entreprise : Alter IPSO,Salaire : 8 000 - 10 000 DH,Niveau d'études : Bac plus 5
INFOGRAPHIE DESING,Casablanca,Aujourd'hui,Domaine : Informatique / Multimédia / Internet,Fonction : Informatique - Webdesign/Infographie,Contrat : A discuter,Entreprise : CONFIDENTIEL,Salaire : A discuter,Niveau d'études : Bac plus 2
Intégration erp odoo,Casablanca,Aujourd'hui,Domaine : Informatique / Multimédia / Internet,Fonction : Informatique - Systèmes d'Information,Contrat : CDI,Entreprise : Bociel,Salaire : A discuter,Niveau d'études : Pas important
Commercial Expérimenté pour Startup Innovante IT,Casablanca,Aujourd'hui,Domaine : Informatique / Multimédia / Internet,Fonction : Informatique - Systèmes d'Information,Contrat : CDI,Entreprise : Bociel,Salaire : A discuter,Niveau d'études : Pas important
Technicien HELP DESK,Agadir,Aujourd'hui,Domaine : Informatique / Multimédia / Internet,Fonction : Informatique - Systèmes/Réseaux,Contrat : CDI,Entreprise : STE CORAMI,Salaire : A discuter,Niveau d'études : Bac plus 2
INFORMATICIEN,Casablanca,Aujourd'hui,Domaine : Informatique / Multimédia / Internet,Fonction : Informatique - Systèmes/Réseaux,Contrat : A discuter,Entreprise : commercialisation de marbre,Salaire : A discuter,Niveau d'études : Bac plus 3
Ingénieur Commercial(e),Casablanca,Aujourd'hui,Domaine : Informatique / Multimédia / Internet,Fonction : Commercial professionnels (B2B),Contrat : A discuter,Entreprise : 3N Systèmes,Salaire : A discuter,Niveau d'études : Bac plus 5
Technicien en iformatique et réseau,Casablanca,Hier21:55,Domaine : Informatique / Multimédia / Internet,Fonction : Informatique - Systèmes/Réseaux,Contrat : CDI,Entreprise : cc,Salaire : A discuter,Niveau d'études : Pas important
Technicien en informatique Deroua et Casa,Casablanca,Hier20:21,Domaine : Informatique / Multimédia / Internet,Fonction : Informatique - Systèmes/Réseaux,Contrat : CDI,Entreprise : CS elec,Salaire : A discuter,Niveau d'études : Pas important
Jeune Débutant Informatiques,Mohammedia,Hier18:53,Domaine : Informatique / Multimédia / Internet,Fonction : Assistant/Ventes/Accueil,Contrat : A discuter,Entreprise : ElectroMarket,Salaire : A discuter,Niveau d'études : Pas important
نبحث عن شاب(ة) محل بيع الحواسيب,Mohammedia,Hier18:37,Domaine : Informatique / Multimédia / Internet,Fonction : Assistant/Ventes/Accueil,Contrat : A discuter,Entreprise : ElectroMarket,Salaire : A discuter,Niveau d'études : Pas important
Stage PFE - Business developer,Casablanca,Hier17:01,Domaine : Informatique / Multimédia / Internet,Fonction : Commercial IT/Agence Com,Contrat : Stage,Entreprise : BC tech,Salaire : Commission,Niveau d'études : Pas important
Stage PFE en développement mobile React Native,Casablanca,Hier17:01,Domaine : Informatique / Multimédia / Internet,Fonction : Informatique - Développement,Contrat : Stage,Entreprise : WTech,Salaire : A discuter,Niveau d'études : Bac plus 5
Ingénieur Devops Cloud & Infrastructure,Casablanca,Hier17:00,Domaine : Informatique / Multimédia / Internet,Fonction : Informatique - Systèmes/Réseaux,Contrat : CDI,Entreprise : GT,Salaire : Plus de 10 000 DH,Niveau d'études : Bac plus 5
Stage PFE en Marketing digital & communication,Casablanca,Hier17:00,Domaine : Informatique / Multimédia / Internet,Fonction : Marketing/Communication,Contrat : Stage,Entreprise : TechW,Salaire : A discuter,Niveau d'études : Pas important
Developpeur SENIOR JAVA LIFERAY,Rabat,Hier15:20,Domaine : Informatique / Multimédia / Internet,Fonction : Informatique - Développement,Contrat : CDI,Entreprise : Agiwise,Salaire : A discuter,Niveau d'études : Bac plus 5
EVELOPPEUR SENIOR JAVA/LIFERAY,Rabat,Hier15:08,Domaine : Informatique / Multimédia / Internet,Fonction : Informatique - Développement,Contrat : CDI,Entreprise : AGIWISE,Salaire : A discuter,Niveau d'études : Bac plus 5
Video editor,Tout le Maroc,Hier15:01,Domaine : Informatique / Multimédia / Internet,Fonction : Marketing/Communication,Contrat : A discuter,Entreprise : Just media,Salaire : 2 000 - 3 000 DH,Niveau d'études : Pas important
Commercial Expérimenté pour Startup Innovante IT,Casablanca,Aujourd'hui,Domaine : Informatique / Multimédia / Internet,Fonction : Informatique - Systèmes d'Information,Contrat : CDI,Entreprise : Bociel,Salaire : A discuter,Niveau d'études : Pas important
Stage PFE - Business developer,Casablanca,Hier17:01,Domaine : Informatique / Multimédia / Internet,Fonction : Commercial IT/Agence Com,Contrat : Stage,Entreprise : BC tech,Salaire : Commission,Niveau d'études : Pas important
Responsable IT,Marrakech,Hier11:55,Domaine : Informatique / Multimédia / Internet,Fonction : Informatique - Systèmes d'Information,Contrat : CDI,Entreprise : Entreprise à Marrakech,Salaire : A discuter,Niveau d'études : Bac plus 5
Développeur IT,Casablanca,Hier10:17,Domaine : Informatique / Multimédia / Internet,Fonction : Informatique - Développement,Contrat : A discuter,Entreprise : Groupe marocain,Salaire : A discuter,Niveau d'études : Bac plus 3
Technicien réseaux /IT,Casablanca,12 Fév 2024 12:18,Domaine : Informatique / Multimédia / Internet,Fonction : Informatique - Systèmes/Réseaux,Contrat : A discuter,Entreprise : SARL,Salaire : A discuter,Niveau d'études : Niveau Bac
Technicien IT (H/F),Tanger,12 Fév 2024 10:30,Domaine : Informatique / Multimédia / Internet,Fonction : Informatique - Systèmes/Réseaux,Contrat : A discuter,Entreprise : Tanger,Salaire : A discuter,Niveau d'études : Bac plus 2
IT Technician,Tanger,09 Fév 2024 17:29,Domaine : Informatique / Multimédia / Internet,Fonction : Informatique - Systèmes/Réseaux,Contrat : A discuter,Entreprise : Tanger,Salaire : A discuter,Niveau d'études : Bac plus 2
COMMERCIALE,Casablanca,08 Fév 2024 19:12,Domaine : Informatique / Multimédia / Internet,Fonction : Commercial/Technico-Commercial,Contrat : A discuter,Entreprise : YAN SOFT,Salaire : A discuter,Niveau d'études : Bac plus 4
Technicien informatique,Zagora,08 Fév 2024 16:04,Domaine : Informatique / Multimédia / Internet,Fonction : Informatique - Développement,Contrat : CDI,Entreprise : Best consulting,Salaire : 6 000 - 8 000 DH,Niveau d'études : Bac plus 2
Stage dev informatique IT ET IA Appli Mobile,Casablanca,08 Fév 2024 15:28,Domaine : Informatique / Multimédia / Internet,Fonction : Informatique - Développement,Contrat : Stage,Entreprise : linco,Salaire : Commission,Niveau d'études : Bac plus 2
Business Developer IT,Casablanca,07 Fév 2024 13:48,Domaine : Informatique / Multimédia / Internet,Fonction : Commercial IT/Agence Com,Contrat : CDI,Entreprise : Cabinet de recrutement IT,Salaire : A discuter,Niveau d'études : Bac plus 4
Administrateur IT - Support niveau 1 et 2 - CDI,Marrakech,07 Fév 2024 12:03,Domaine : Informatique / Multimédia / Internet,Fonction : Informatique - Systèmes/Réseaux,Contrat : CDI,Entreprise : Wellhadar,Salaire : 6 000 - 8 000 DH,Niveau d'études : Bac plus 2
STAGE IT Support informatique - 3 mois-CASABLANCA,Casablanca,07 Fév 2024 10:22,Domaine : Informatique / Multimédia / Internet,Fonction : Informatique - Systèmes/Réseaux,Contrat : Stage,Entreprise : INETUM Maroc,Salaire : A discuter,Niveau d'études : Bac plus 2
Stage en développement web - amélioration erp,Casablanca,07 Fév 2024 08:56,Domaine : Informatique / Multimédia / Internet,Fonction : Informatique - Développement,Contrat : Stage,Entreprise : office 59,Salaire : A discuter,Niveau d'études : Bac plus 2
DEVELOPPEUR IT,Casablanca,06 Fév 2024 17:43,Domaine : Informatique / Multimédia / Internet,Fonction : Informatique - Systèmes d'Information,Contrat : CDI,Entreprise : Confidentiel,Salaire : A discuter,Niveau d'études : Bac plus 5
Technicien IT,Nouaceur,06 Fév 2024 12:52,Domaine : Informatique / Multimédia / Internet,Fonction : Informatique - Systèmes d'Information,Contrat : CDI,Entreprise : Confidentiel,Salaire : A discuter,Niveau d'études : Bac plus 3
Technico commerciale IT avec expérience/ Rabat,Rabat,06 Fév 2024 12:40,Domaine : Informatique / Multimédia / Internet,Fonction : Commercial professionnels (B2B),Contrat : A discuter,Entreprise : CONF,Salaire : A discuter,Niveau d'études : Bac plus 5
Stage en développement web - Wordpress,Casablanca,06 Fév 2024 10:08,Domaine : Informatique / Multimédia / Internet,Fonction : Informatique - Développement Hardware,Contrat : Stage,Entreprise : ROLIN MULTISERVICES,Salaire : A discuter,Niveau d'études : Bac plus 3
IT Specialist,Mohammedia,05 Fév 2024 17:59,Domaine : Informatique / Multimédia / Internet,Fonction : Informatique - Systèmes d'Information,Contrat : CDI,Entreprise : Kazyon Maroc,Salaire : A discuter,Niveau d'études : Bac plus 2
Technicien IT // TANGER,Tanger,02 Fév 2024 09:19,Domaine : Informatique / Multimédia / Internet,Fonction : Informatique - Systèmes/Réseaux,Contrat : A discuter,Entreprise : SARL /Tanger,Salaire : 3 000 - 4 000 DH,Niveau d'études : Bac plus 2
UNE COMMERCIALE,Casablanca,01 Fév 2024 15:42,Domaine : Informatique / Multimédia / Internet,Fonction : Commercial/Technico-Commercial,Contrat : CDI,Entreprise : NETAZURE,Salaire : A discuter,Niveau d'études : Bac plus 4
IT ( information technologies).,Casablanca,01 Fév 2024 15:26,Domaine : Informatique / Multimédia / Internet,Fonction : Informatique - Systèmes d'Information,Contrat : A discuter,Entreprise : aviation,Salaire : A discuter,Niveau d'études : Bac plus 5
IT Project Manager Intern,Marrakech,31 Jan 2024 21:34,,,,,,
Stage Graphic Désigner,Agadir,29 Jan 2024 11:22,,,,,,
Stagiaire Commercial Téléphonique,Agadir,29 Jan 2024 11:21,Domaine : Informatique / Multimédia / Internet,Fonction : Commercial IT/Agence Com,Contrat : Stage,Entreprise : Technopek,Salaire : A discuter,Niveau d'études : Bac plus 2
Poste: Gestionnaire Informatique,Agadir,26 Jan 2024 00:23,Domaine : Informatique / Multimédia / Internet,Fonction : Commercial IT/Agence Com,Contrat : CDD,Entreprise : AJICOD,Salaire : A discuter,Niveau d'études : Pas important
Reponsable IT,Tanger,25 Jan 2024 15:48,Domaine : Informatique / Multimédia / Internet,Fonction : Informatique - Systèmes/Réseaux,Contrat : CDI,Entreprise : PLATFORM & DESIGN,Salaire : A discuter,Niveau d'études : Bac plus 2
Ingénieur développeur Symfony4 / PHP7 (H|F),Marrakech,25 Jan 2024 10:05,,,,,,
"Développeur Odoo, applications et WEB - CDI",Marrakech,23 Jan 2024 13:18,Domaine : Informatique / Multimédia / Internet,Fonction : Informatique - Développement,Contrat : CDI,Entreprise : Wellhadar,Salaire : A discuter,Niveau d'études : Bac plus 2
Senior Sales Manager,Casablanca,22 Jan 2024 18:35,Domaine : Informatique / Multimédia / Internet,Fonction : Commercial professionnels (B2B),Contrat : CDI,Entreprise : PAYLOGIC,Salaire : Plus de 10 000 DH,Niveau d'études : Bac plus 5
Technicien support IT,Casablanca,22 Jan 2024 17:04,Domaine : Informatique / Multimédia / Internet,Fonction : Informatique - Systèmes/Réseaux,Contrat : CDI,Entreprise : PAYLOGIC,Salaire : A discuter,Niveau d'études : Bac plus 2
Offre de stage rénuméré en marketing digital,Agadir,22 Jan 2024 16:31,Domaine : Informatique / Multimédia / Internet,Fonction : Commercial IT/Agence Com,Contrat : Stage,Entreprise : technopek,Salaire : A discuter,Niveau d'études : Bac plus 2
Italian-speaking Help Desk Analyst (RABAT),Rabat,22 Jan 2024 11:49,Domaine : Informatique / Multimédia / Internet,Fonction : SAV/Hotline/Téléconseiller,Contrat : CDI,Entreprise : VIATIS,Salaire : A discuter,Niveau d'études : Bac plus 2
Stage ADS Manager,Agadir,22 Jan 2024 10:06,Domaine : Informatique / Multimédia / Internet,Fonction : Commercial IT/Agence Com,Contrat : Stage,Entreprise : Technopek,Salaire : A discuter,Niveau d'études : Bac plus 2
Offre d’emploi : Consultant IT,Casablanca,22 Jan 2024 10:03,Domaine : Informatique / Multimédia / Internet,Fonction : Informatique - Systèmes/Réseaux,Contrat : A discuter,Entreprise : nton.com ADVISORY,Salaire : A discuter,Niveau d'études : Bac plus 2
Technicien spécialisé en système d’information,Casablanca,20 Jan 2024 16:06,Domaine : Informatique / Multimédia / Internet,Fonction : Informatique - Systèmes d'Information,Contrat : CDD,Entreprise : Anonyme,Salaire : A discuter,Niveau d'études : Bac plus 2
Developpeur IT,Bouskoura,19 Jan 2024 14:05,Domaine : Informatique / Multimédia / Internet,Fonction : Informatique - Développement,Contrat : CDI,Entreprise : DVL,Salaire : A discuter,Niveau d'études : Bac plus 5
Stagiaire Community Manager,Agadir,19 Jan 2024 09:32,Domaine : Informatique / Multimédia / Internet,Fonction : Commercial IT/Agence Com,Contrat : Stage,Entreprise : Technopek,Salaire : A discuter,Niveau d'études : Bac plus 2
Technicien IT,Mohammedia,18 Jan 2024 12:09,Domaine : Informatique / Multimédia / Internet,Fonction : Informatique - Systèmes d'Information,Contrat : CDI,Entreprise : Confidentiel,Salaire : A discuter,Niveau d'études : Bac plus 3
Technicien informatique,Casablanca,17 Jan 2024 17:31,Domaine : Informatique / Multimédia / Internet,Fonction : Informatique - Systèmes/Réseaux,Contrat : CDI,Entreprise : IT Services,Salaire : 4 000 - 6 000 DH,Niveau d'études : Bac plus 5
Développeur PHP/MySQL,Casablanca,17 Jan 2024 12:33,Domaine : Informatique / Multimédia / Internet,Fonction : Informatique - Développement,Contrat : CDI,Entreprise : ikuromi-it,Salaire : 6 000 - 8 000 DH,Niveau d'études : Bac plus 2
Chargé IT,Tetouan,16 Jan 2024 17:45,Domaine : Informatique / Multimédia / Internet,Fonction : Informatique - Systèmes d'Information,Contrat : CDI,Entreprise : Confidentiel,Salaire : A discuter,Niveau d'études : Bac plus 3
TECHNICIEN IT CASABLANCA & RABAT,Casablanca,16 Jan 2024 12:26,Domaine : Informatique / Multimédia / Internet,Fonction : Informatique - Systèmes d'Information,Contrat : Interim,Entreprise : BEST PROFIL,Salaire : A discuter,Niveau d'études : Bac plus 2
Responsable IT,Berrechid,12 Jan 2024 15:24,Domaine : Informatique / Multimédia / Internet,Fonction : Informatique - Systèmes/Réseaux,Contrat : CDI,Entreprise : ent,Salaire : A discuter,Niveau d'études : Bac plus 5
Responsable IT,Casablanca,10 Jan 2024 09:23,Domaine : Informatique / Multimédia / Internet,Fonction : Informatique - Systèmes d'Information,Contrat : CDI,Entreprise : GBM Groupe,Salaire : A discuter,Niveau d'études : Bac plus 3
Stagiaire Commerciale,Casablanca,09 Jan 2024 17:17,,,,,,
Informaticien en Charge du Support IT,Bouskoura,09 Jan 2024 17:13,Domaine : Informatique / Multimédia / Internet,Fonction : Informatique - Systèmes d'Information,Contrat : A discuter,Entreprise : PROTEC INCENDIE,Salaire : A discuter,Niveau d'études : Bac plus 2
Technicien réseau confirmé,Rabat,09 Jan 2024 17:08,Domaine : Informatique / Multimédia / Internet,Fonction : Informatique - Systèmes/Réseaux,Contrat : A discuter,Entreprise : societé,Salaire : A discuter,Niveau d'études : Bac plus 2
Technicien IT,Casablanca,09 Jan 2024 16:41,Domaine : Informatique / Multimédia / Internet,Fonction : Informatique - Systèmes/Réseaux,Contrat : A discuter,Entreprise : ETABLISSEMENT,Salaire : A discuter,Niveau d'études : Bac plus 2
Stagiaire Video Editor/Videography,Agadir,09 Jan 2024 10:49,Domaine : Informatique / Multimédia / Internet,Fonction : Commercial IT/Agence Com,Contrat : Stage,Entreprise : Technopek,Salaire : A discuter,Niveau d'études : Bac plus 2
Technicien stagiare en reseau informatique,Rabat,07 Jan 2024 05:18,Domaine : Informatique / Multimédia / Internet,Fonction : Informatique - Systèmes d'Information,Contrat : Stage,Entreprise : IT COM,Salaire : A discuter,Niveau d'études : Bac plus 2
Stage ADS Manager,Agadir,05 Jan 2024 09:39,Domaine : Informatique / Multimédia / Internet,Fonction : Commercial IT/Agence Com,Contrat : Stage,Entreprise : Technopek,Salaire : A discuter,Niveau d'études : Bac plus 2
Stagiaire Video Editor/Videography,Agadir,05 Jan 2024 09:39,Domaine : Informatique / Multimédia / Internet,Fonction : Commercial IT/Agence Com,Contrat : Stage,Entreprise : Technopek,Salaire : A discuter,Niveau d'études : Bac plus 2
Stage Développeur Tailwind CSS,Agadir,05 Jan 2024 09:37,Domaine : Informatique / Multimédia / Internet,Fonction : Commercial IT/Agence Com,Contrat : A discuter,Entreprise : Technopek,Salaire : A discuter,Niveau d'études : Bac plus 2
Stagiaire Video Editor/Videography,Agadir,03 Jan 2024 15:00,Domaine : Informatique / Multimédia / Internet,Fonction : Commercial IT/Agence Com,Contrat : Stage,Entreprise : Technopek,Salaire : A discuter,Niveau d'études : Bac plus 2
Technicien de maintenance HARDWARE,Casablanca,03 Jan 2024 11:03,Domaine : Informatique / Multimédia / Internet,Fonction : Informatique - Systèmes/Réseaux,Contrat : CDI,Entreprise : POL IT,Salaire : 3 000 - 4 000 DH,Niveau d'études : Pas important
Offre Technicien en Reseaux et Maintenance,Casablanca,31 Déc  21:36,Domaine : Informatique / Multimédia / Internet,Fonction : Informatique - Systèmes/Réseaux,Contrat : A discuter,Entreprise : AFRIDATA SERVICES,Salaire : A discuter,Niveau d'études : Bac plus 2
Graphic Désigner,Agadir,27 Déc  13:45,,,,,,
Commerciale d'un ERP,Casablanca,26 Déc  14:25,Domaine : Informatique / Multimédia / Internet,Fonction : Commercial IT/Agence Com,Contrat : CDI,Entreprise : RYSASOFT,Salaire : A discuter,Niveau d'études : Bac plus 5
Commerciale de logiciel et service IT,Casablanca,25 Déc  18:52,Domaine : Informatique / Multimédia / Internet,Fonction : Commercial/Technico-Commercial,Contrat : CDI,Entreprise : RYSASOFT,Salaire : A discuter,Niveau d'études : Bac plus 2
Support it,Fès,25 Déc  17:20,,,,,,
IT Specialist,Casablanca,25 Déc  10:28,Domaine : Informatique / Multimédia / Internet,Fonction : Informatique - Systèmes d'Information,Contrat : CDI,Entreprise : Multinationale,Salaire : A discuter,Niveau d'études : Bac plus 5
COMMUNITY MANAGER,Casablanca,23 Déc  20:55,Domaine : Informatique / Multimédia / Internet,Fonction : Commercial IT/Agence Com,Contrat : A discuter,Entreprise : RTM,Salaire : A discuter,Niveau d'études : Bac plus 2
Technicien réseaux informatique,Tout le Maroc,23 Déc  15:37,Domaine : Informatique / Multimédia / Internet,Fonction : Informatique - Systèmes/Réseaux,Contrat : A discuter,Entreprise : MS,Salaire : A discuter,Niveau d'études : Pas important
Stagiaire Commercial Téléphonique,Agadir,23 Déc  10:07,Domaine : Informatique / Multimédia / Internet,Fonction : Commercial IT/Agence Com,Contrat : Stage,Entreprise : Technopek,Salaire : A discuter,Niveau d'études : Bac plus 2
Chargée commerciale B TO B,Rabat,21 Déc  18:50,Domaine : Informatique / Multimédia / Internet,Fonction : Commercial professionnels (B2B),Contrat : A discuter,Entreprise : IT,Salaire : A discuter,Niveau d'études : Bac plus 5
Technicien système &réseau 5ans d expérience,Rabat,21 Déc  18:42,Domaine : Informatique / Multimédia / Internet,Fonction : Informatique - Systèmes/Réseaux,Contrat : A discuter,Entreprise : IT,Salaire : A discuter,Niveau d'études : Bac plus 2
STAGIAIRE ASSITANTE,Rabat,21 Déc  18:42,Domaine : Informatique / Multimédia / Internet,Fonction : Assistant/Ventes/Accueil,Contrat : Stage,Entreprise : IT,Salaire : A discuter,Niveau d'études : Bac plus 2
Stagiaire Video Editor/Videography,Agadir,18 Déc  17:05,Domaine : Informatique / Multimédia / Internet,Fonction : Commercial IT/Agence Com,Contrat : Stage,Entreprise : Technopek,Salaire : A discuter,Niveau d'études : Bac plus 2
Stage Pfe IT Tanger,Tanger,18 Déc  16:18,Domaine : Informatique / Multimédia / Internet,Fonction : Informatique - Développement,Contrat : Stage,Entreprise : SmartSource,Salaire : A discuter,Niveau d'études : Bac plus 3
ADS Manager,Agadir,16 Déc  11:49,,,,,,
Offre de stage Assistante & community manager,Agadir,16 Déc  11:49,Domaine : Informatique / Multimédia / Internet,Fonction : Commercial IT/Agence Com,Contrat : Stage,Entreprise : Technopek,Salaire : A discuter,Niveau d'études : Bac plus 2
IT Support Specialist,Tanger,15 Déc  20:18,Domaine : Informatique / Multimédia / Internet,Fonction : Informatique - Développement,Contrat : CDI,Entreprise : Relentia,Salaire : 3 000 - 4 000 DH,Niveau d'études : Bac plus 3
Webmaster & social media manager,Marrakech,15 Déc  11:12,Domaine : Informatique / Multimédia / Internet,Fonction : Informatique - Webdesign/Infographie,Contrat : CDI,Entreprise : Wellhadar,Salaire : 6 000 - 8 000 DH,Niveau d'études : Pas important
Assistante de formation enligne à Safi,Safi,14 Déc  08:47,Domaine : Informatique / Multimédia / Internet,Fonction : Commercial IT/Agence Com,Contrat : A discuter,Entreprise : HUBSPOT,Salaire : A discuter,Niveau d'études : Bac plus 2
Stagiaire Video Editor/Videography,Agadir,12 Déc  09:31,Domaine : Informatique / Multimédia / Internet,Fonction : Commercial IT/Agence Com,Contrat : Stage,Entreprise : Technopek,Salaire : A discuter,Niveau d'études : Bac plus 2
Technicien réseau informatique,Mohammedia,11 Déc  10:21,Domaine : Informatique / Multimédia / Internet,Fonction : Informatique - Systèmes/Réseaux,Contrat : CDI,Entreprise : JMARA CONSULT,Salaire : A discuter,Niveau d'études : Bac plus 2
Technicien Système& réseau informatique/ 5ans expé,Rabat,11 Déc  09:24,Domaine : Informatique / Multimédia / Internet,Fonction : Informatique - Systèmes/Réseaux,Contrat : A discuter,Entreprise : hws,Salaire : A discuter,Niveau d'études : Bac plus 2
Développeur PHP7 / Symfony4,Marrakech,08 Déc  14:50,,,,,,
Stage Préembauche CHef de projet Junior,Casablanca,07 Déc  14:05,Domaine : Informatique / Multimédia / Internet,Fonction : Informatique - Développement Hardware,Contrat : CDI,Entreprise : Soldat,Salaire : A discuter,Niveau d'études : Bac plus 5
Technicien réseau informatique,Casablanca,05 Déc  12:58,Domaine : Informatique / Multimédia / Internet,Fonction : Informatique - Systèmes/Réseaux,Contrat : CDI,Entreprise : Ste informatique,Salaire : A discuter,Niveau d'études : Bac plus 2
Responsable Commercial,Marrakech,04 Déc  16:09,Domaine : Informatique / Multimédia / Internet,Fonction : Commercial IT/Agence Com,Contrat : A discuter,Entreprise : 2BCOM Agency,Salaire : Commission,Niveau d'études : Pas important
Technicien(ne) Support IT / Helpdesk,Casablanca,04 Déc  12:25,Domaine : Informatique / Multimédia / Internet,Fonction : Informatique - Systèmes/Réseaux,Contrat : CDI,Entreprise : ManpowerGroup Maroc,Salaire : 4 000 - 6 000 DH,Niveau d'études : Bac plus 2
Chef de Projet,Casablanca,04 Déc  12:24,Domaine : Informatique / Multimédia / Internet,Fonction : Informatique - Systèmes d'Information,Contrat : A discuter,Entreprise : Ago IT Solutions,Salaire : A discuter,Niveau d'études : Bac plus 3
Responsable Marketing,Casablanca,04 Déc  12:14,Domaine : Informatique / Multimédia / Internet,Fonction : Marketing/Communication,Contrat : A discuter,Entreprise : Ago IT Solutions,Salaire : A discuter,Niveau d'études : Bac plus 3
Technicien Bac+3 en Système et Réseau Informatique,Rabat,01 Déc  16:33,Domaine : Informatique / Multimédia / Internet,Fonction : Informatique - Systèmes/Réseaux,Contrat : A discuter,Entreprise : hws,Salaire : A discuter,Niveau d'études : Bac plus 3
SUPPORT IT,Casablanca,30 Nov  16:42,Domaine : Informatique / Multimédia / Internet,Fonction : Informatique - Systèmes/Réseaux,Contrat : A discuter,Entreprise : NORLAY,Salaire : 4 000 - 6 000 DH,Niveau d'études : Bac plus 3
QA Engineer,Marrakech,30 Nov  12:58,Domaine : Informatique / Multimédia / Internet,Fonction : Informatique - Développement,Contrat : CDI,Entreprise : STRYVE,Salaire : A discuter,Niveau d'études : Pas important
Commercial en informatique (F) Bac+2,Casablanca,30 Nov  11:43,Domaine : Informatique / Multimédia / Internet,Fonction : Commercial IT/Agence Com,Contrat : A discuter,Entreprise : Arone,Salaire : A discuter,Niveau d'études : Bac plus 2
Profil IT (BAC + 2)maîtrisant Sql;langage Python),Casablanca,27 Nov  14:23,Domaine : Informatique / Multimédia / Internet,Fonction : Informatique - Systèmes d'Information,Contrat : CDD,Entreprise : Anonyme,Salaire : A discuter,Niveau d'études : Bac plus 2
Webmaster Internship offer,Bouskoura,27 Nov  11:56,Domaine : Informatique / Multimédia / Internet,Fonction : Commercial/Technico-Commercial,Contrat : Stage,Entreprise : SD MAROC,Salaire : A discuter,Niveau d'études : Bac plus 2
"Stage en seo""",Agadir,27 Nov  11:02,Domaine : Informatique / Multimédia / Internet,Fonction : Commercial IT/Agence Com,Contrat : Stage,Entreprise : Technopek,Salaire : A discuter,Niveau d'études : Bac plus 2
Assistante technico-commerciale,Casablanca,24 Nov  15:46,Domaine : Informatique / Multimédia / Internet,Fonction : Commercial/Technico-Commercial,Contrat : CDI,Entreprise : AP,Salaire : A discuter,Niveau d'études : Pas important
Chief of Service Department,Casablanca,24 Nov  15:19,Domaine : Informatique / Multimédia / Internet,Fonction : Informatique - Systèmes d'Information,Contrat : A discuter,Entreprise : eLeader Ltd,Salaire : A discuter,Niveau d'études : Bac plus 5
Agent IT ODO,Casablanca,24 Nov  13:44,Domaine : Informatique / Multimédia / Internet,Fonction : Informatique - Développement,Contrat : CDI,Entreprise : TECMACO SERVICES,Salaire : A discuter,Niveau d'études : Bac plus 4
CHEF DE LA DIVISION EXPLOITATION & SUPPORT,Rabat,21 Nov  09:26,Domaine : Informatique / Multimédia / Internet,Fonction : Informatique - Systèmes/Réseaux,Contrat : CDI,Entreprise : Fédération Royale Marocaine de Football,Salaire : A discuter,Niveau d'études : Bac plus 5
Coordinateur IT,Benguerir,17 Nov  09:27,Domaine : Informatique / Multimédia / Internet,Fonction : Informatique - Développement Hardware,Contrat : A discuter,Entreprise : ARTISANAT,Salaire : 8 000 - 10 000 DH,Niveau d'études : Bac plus 4
Software Project Manager,Mohammedia,16 Nov  12:12,Domaine : Informatique / Multimédia / Internet,Fonction : Informatique - Développement,Contrat : CDI,Entreprise : IT,Salaire : A discuter,Niveau d'études : Bac plus 5
HelpDesk Analyst ( Italian Speaking) - Rabat,Rabat,15 Nov  14:42,Domaine : Informatique / Multimédia / Internet,Fonction : Informatique - Systèmes/Réseaux,Contrat : CDI,Entreprise : viatis,Salaire : A discuter,Niveau d'études : Bac plus 2
OFFERS D'EMPLOI,Casablanca,15 Nov  14:20,Domaine : Informatique / Multimédia / Internet,Fonction : Informatique - Systèmes/Réseaux,Contrat : A discuter,Entreprise : informatique,Salaire : 3 000 - 4 000 DH,Niveau d'études : Bac plus 2
Technical Project Manager IT,Rabat,14 Nov  10:15,,,,,,
Stagiaire IT,Casablanca,07 Nov  13:26,,,,,,
"Développeur IT "" python, javascript"" experimenté",Casablanca,02 Nov  11:40,,,,,,
Technicien spécialisé en réseau informatique,Rabat,30 Oct  17:18,,,,,,
Technicien Informatique,Casablanca,30 Oct  16:08,,,,,,
Prospecteurs Téléphoniques,Agadir,30 Oct  15:58,,,,,,
Technicien it,Marrakech,30 Oct  14:48,,,,,,
Community Manager,Mohammedia,30 Oct  13:59,,,,,,
Technicien Support IT,Casablanca,30 Oct  10:25,,,,,,
Stage en Développement,Casablanca,26 Oct  16:35,,,,,,
Responsable IT,Tanger,26 Oct  13:30,,,,,,
Chargé d'appel d'offre,Casablanca,26 Oct  12:09,,,,,,
Technico commercial IT,Casablanca,26 Oct  12:08,,,,,,
Chargé d'affaires IT,Casablanca,26 Oct  12:08,,,,,,
Commercial(e) des Services et de la Formation IT,Casablanca,24 Oct  11:38,,,,,,
Responsable ventes services IT,Casablanca,24 Oct  10:27,,,,,,
Graphic Désigner,Agadir,23 Oct  15:21,,,,,,
Graphic Désigner,Agadir,20 Oct  16:18,,,,,,
Stage Pré-Embauche en Design Graphique,Agadir,20 Oct  16:05,,,,,,
Commerciale matériel et solutions IT,Casablanca,19 Oct  21:39,,,,,,
Développeur Full Stack,Mohammedia,19 Oct  12:40,,,,,,
Stage en système et réseau informatique,Rabat,18 Oct  15:12,,,,,,
Technicien spécialisé en réseau informatique,Rabat,18 Oct  15:07,,,,,,
Développeur Android,Casablanca,18 Oct  10:54,,,,,,
"Ingénieur IT,SI, TIC, Base de données",El jadida,18 Oct  10:35,,,,,,
ASSISTANTE COMMERCIALE EN FORMATION,Casablanca,16 Oct  16:04,,,,,,
Chef de Projet IT Junior,Casablanca,13 Oct  12:13,,,,,,
Prospecteurs Téléphoniques,Agadir,12 Oct  10:07,,,,,,
Ingénieur de production IT,Casablanca,11 Oct  13:47,,,,,,
Technicien Informatique,Casablanca,11 Oct  11:44,,,,,,
DATA ENGINEER (relocation),Autre ville,10 Oct  21:13,,,,,,
Technicien - réseau et système informatique,Mohammedia,10 Oct  12:07,,,,,,
Internships in the field of IT programming,Tout le Maroc,09 Oct  11:08,,,,,,
Recherche de Commerciaux Terrain Expérimentés,Agadir,03 Oct  10:50,,,,,,
Prospecteurs Téléphoniques a agdir,Agadir,03 Oct  10:50,,,,,,
Offre de stage en SEO,Agadir,03 Oct  10:49,,,,,,
Technicien en Informatique et réseau,Casablanca,02 Oct  10:55,,,,,,
Stagiaire IT en Intelligence Artificielle,Casablanca,29 Sep  19:33,,,,,,
RESPONSABLE IT BASE DE DONNEES,Marrakech,27 Sep  19:21,,,,,,
IT Manager Anglophone,Casablanca,27 Sep  10:41,,,,,,
Technicien spécialisé en réseau informatique,Rabat,22 Sep  15:18,,,,,,
2 Assistants Développeurs IT,Tanger,20 Sep  11:21,,,,,,
"Commerciale en Matériel Informatique, Services IT",Casablanca,18 Sep  11:17,,,,,,
IT PROJECT MANAGER,Marrakech,14 Sep  20:21,,,,,,
IT Manager,Casablanca,14 Sep  11:45,,,,,,
It,Casablanca,13 Sep  09:18,,,,,,
Technicien Système et réseaux,Rabat,12 Sep  09:15,,,,,,
Graphic Designer Free Lance,Casablanca,12 Sep  08:16,,,,,,
Technicien réseau informatique,Casablanca,11 Sep  21:10,,,,,,
مطلوب متدرب في تصميم الصور عن بُعد!,Berrechid,11 Sep  10:26,,,,,,
مطلوب متدرب في تصميم الصور عن بُعد!,Tout le Maroc,11 Sep  09:41,,,,,,
Offre d'emploi administrateur systeme et reseau,Casablanca,10 Sep  15:27,,,,,,
It wintrfl,Meknès,07 Sep  10:30,,,,,,
Opportunité de Stage en Design,Berrechid,06 Sep  14:56,,,,,,
Développeur PHP,Agadir,06 Sep  09:40,,,,,,
Stage informatique Réseau/ Rabat,Rabat,05 Sep  15:57,,,,,,
Offre de stage systèmes/ réseaux,Rabat,05 Sep  15:57,,,,,,
STAGE système et réseau informatique/ Rabat,Rabat,05 Sep  15:57,,,,,,
PMO/Experts/Chefs de projets IT,Rabat,05 Sep  12:31,,,,,,
Trésorier,Casablanca,04 Sep  12:11,,,,,,
Stage préembauche Analyste BI,Casablanca,04 Sep  11:04,,,,,,
IT Help Desk Support Specialist,Agadir,29 Aoû  16:03,,,,,,
Agent Commercial/terrain,Settat,29 Aoû  10:41,,,,,,
Technicien de maintenance IT,Salé,29 Aoû  08:57,,,,,,
Technicien de maintenance IT,Casablanca,28 Aoû  16:39,Domaine : Informatique / Multimédia / Internet,Fonction : Informatique - Systèmes/Réseaux,Contrat : Interim,Entreprise : MANPOWER,Salaire : A discuter,Niveau d'études : Bac plus 2
Support Technique Informatique,Marrakech,28 Aoû  14:53,,,,,,
Formateur Power BI Casablanca,Casablanca,27 Aoû  06:36,,,,,,
Développeur Informatique Windev  à Tanger,Casablanca,23 Aoû  20:47,,,,,,
Graphic Designer / Éditeur Vidéo Expérimenté,Agadir,23 Aoû  11:40,,,,,,
Chef de Projet,Casablanca,23 Aoû  10:44,,,,,,
"Technicien Systèmes, Réseaux & Cybersécurité",Casablanca,22 Aoû  21:50,,,,,,
Stage en Développement Web Laravel et Vue.js,Marrakech,22 Aoû  09:39,,,,,,
SUPPORT INFORMATIQUE,Casablanca,15 Aoû  11:46,,,,,,
Support  IT,Casablanca,15 Aoû  10:00,,,,,,
Ingénieur systèmes et réseaux,Casablanca,10 Aoû  16:16,,,,,,
Apporteur d'affaire IT B2B,Casablanca,07 Aoû  21:36,,,,,,
Technicien en maintenance informatique,Casablanca,07 Aoû  19:53,,,,,,
Technicien Systèmes et Réseaux,Casablanca,03 Aoû  17:06,,,,,,
Stage ads manager,Agadir,03 Aoû  10:40,,,,,,
Technicien informatique,Rabat,01 Aoû  10:09,,,,,,
IT Assistant,Casablanca,31 Jul  10:33,,,,,,
Offre de Stage - Assistante,Agadir,31 Jul  09:46,,,,,,
Stage PFE Développeur Full Stack 6 mois,Casablanca,30 Jul  13:11,,,,,,
Commercial B2B avec  connaissances en IT,Casablanca,28 Jul  14:41,,,,,,
Stage pré-embauche Consultant IT,Casablanca,28 Jul  13:10,,,,,,
Stage en Community Management,Agadir,28 Jul  10:22,,,,,,
Technicien réseau et systèmes informatique,Marrakech,27 Jul  16:20,,,,,,
Stage pré embauche Prospectrice,Casablanca,26 Jul  12:40,,,,,,
Technicien en informatique maintenance et réseau,Casablanca,24 Jul  10:38,,,,,,
Administrateur Système (Linux),Tanger,20 Jul  11:48,,,,,,
Scrum master (H/F),Technopolis (Maroc),15/02/2024,Informatique,Informatique / Electronique,CDI,,,Bac +5 et plus
Ingénieur V&V Ferroviaire,"Rabat, Rabat-Salé-Kénitra, Maroc (Maroc)",15/02/2024,Ferroviaire,Informatique / Electronique,CDI,,,Bac +5 et plus
Ingénieur devops,Casablanca (Maroc),15/02/2024,Banque / Finance,Informatique / Electronique,Freelance,,,Bac +5 et plus
Data Analyst Confirmé H/F,Rabat (Maroc),15/02/2024,Centre d'appel,Informatique / Electronique,CDI,,,Bac +3
Team Leader  junior Support IT,"Fès-Meknès, Maroc (Maroc)",15/02/2024,Informatique,Informatique / Electronique,CDI,,,Bac +3
Ingénieur Etude et Développement PHP (H/F),Rabat (Maroc),15/02/2024,Informatique,Informatique / Electronique,CDI,,,Bac +5 et plus
"Senior NVH Performance Engineer (Noise, vibration and harshness)",Casablanca (Maroc),15/02/2024,Automobile / Motos / Cycles,Informatique / Electronique,CDI,,,Bac +5 et plus
Vehicle Function Owner,Casablanca (Maroc),15/02/2024,Automobile / Motos / Cycles,Informatique / Electronique,CDI,,,Bac +5 et plus
Technical Leader Senior,Casablanca (Maroc),14/02/2024,Informatique,Informatique / Electronique,Freelance,,,Bac +5 et plus
Scrum Master,Rabat (Maroc),14/02/2024,Informatique,Informatique / Electronique,CDI,,,Bac +5 et plus
Développeur .Net Core,Rabat (Maroc),14/02/2024,Informatique,Informatique / Electronique,CDI,,,Bac +5 et plus
"Chef de projet IA, Intelligence Artificielle",Casablanca (Maroc),14/02/2024,Informatique,Informatique / Electronique,CDI,,,Bac +5 et plus
Data Architect,Casablanca (Maroc),14/02/2024,Informatique,Informatique / Electronique,CDI,,,Bac +5 et plus
Ingénieur Etudes et développements informatique,Casablanca (Maroc),14/02/2024,Banque / Finance,Informatique / Electronique,CDI,,,Bac +5 et plus
Tech Lead,Casablanca (Maroc),14/02/2024,Informatique,Informatique / Electronique,CDI,,,Bac +5 et plus
Service Delivery Officer,Rabat (Maroc),14/02/2024,Assurance / Courtage,Informatique / Electronique,CDI,,,Bac +4
Test Manager Anglophone (H/F),Rabat (Maroc),14/02/2024,Informatique,Informatique / Electronique,CDI,,,Bac +5 et plus
Consultant QlikSense H/F,Casablanca (Maroc),14/02/2024,Informatique,Informatique / Electronique,CDI,,,Bac +5 et plus
Tech Lead,Casablanca (Maroc),14/02/2024,Informatique,Informatique / Electronique,CDI,,,Bac +5 et plus
Responsable Informatique,Casablanca (Maroc),14/02/2024,Banque / Finance,Informatique / Electronique,CDI,,,Bac +3
Ingénieurs tests(H/F),Casablanca (Maroc),14/02/2024,Informatique,Informatique / Electronique,CDI,,,Bac +5 et plus
Référent technique,Safi (Maroc),14/02/2024,Enseignement / Formation,Informatique / Electronique,CDI,,,Autodidacte
Costbook Pilot,Casablanca (Maroc),14/02/2024,Automobile / Motos / Cycles,Informatique / Electronique,CDI,,,Bac +4
Développeur Java Senior,Rabat (Maroc),14/02/2024,Informatique,Informatique / Electronique,CDI,,,Bac +5 et plus
Consultant .NET (Secteur Assurance),Casablanca (Maroc),14/02/2024,Informatique,Informatique / Electronique,Freelance,,,Bac +5 et plus
Développeur JAVA/Angular,Casablanca (Maroc),14/02/2024,Informatique,Informatique / Electronique,Freelance,,,Bac +5 et plus
Senior Software Engineer/JAVA JEE,Casablanca (Maroc),14/02/2024,Informatique,Informatique / Electronique,CDI,,,Bac +5 et plus
Senior Software Engineer Frontend (React/Angular),Casablanca (Maroc),14/02/2024,Informatique,Informatique / Electronique,CDI,,,Bac +5 et plus
Infrastructure Engineer – Fluent English (M/F),Casablanca (Maroc),13/02/2024,Informatique,Informatique / Electronique,CDI,,,Bac +5 et plus
Chargé du Support Applicatif (H/F),Casablanca (Maroc),13/02/2024,Informatique,Informatique / Electronique,CDI,,,Bac +3
Développeur Full Stack - Laravel - Vue.js et Python,Casablanca (Maroc),13/02/2024,Informatique,Informatique / Electronique,CDI,,,Bac +5 et plus
Business Analyste (H/F),Rabat (Maroc),13/02/2024,Informatique,Informatique / Electronique,CDI,,,Bac +5 et plus
Ingénieur Test Automatisé Sénior (Selenium),Casablanca (Maroc),13/02/2024,Informatique,Informatique / Electronique,CDI,,,Bac +5 et plus
Consultant JAVA Full Stack Senior,Rabat (Maroc),13/02/2024,Informatique,Informatique / Electronique,CDI,,,Bac +4
Ingénieur Informaticien,Casablanca (Maroc),12/02/2024,Informatique,Informatique / Electronique,CDI,,,Bac +5 et plus
Data Protection Custodian,Casablanca (Maroc),12/02/2024,Banque / Finance,Informatique / Electronique,CDI,,,Bac +5 et plus
Business Intelligence Developer H/F,Casablanca (Maroc),12/02/2024,Banque / Finance,Informatique / Electronique,CDI,,,Bac +5 et plus
Ingénieur DevOps (H/F),Casablanca (Maroc),12/02/2024,Banque / Finance,Informatique / Electronique,CDI,,,Bac +5 et plus
Data Scientist (H/F),Casablanca (Maroc),12/02/2024,Informatique,Informatique / Electronique,CDI,,,Bac +5 et plus
Application Manager (H/F),Casablanca (Maroc),12/02/2024,Banque / Finance,Informatique / Electronique,CDI,,,Bac +5 et plus
Chef de Projet de Projet ORGA & Process (H/F),Casablanca (Maroc),12/02/2024,Banque / Finance,Informatique / Electronique,CDI,,,Bac +5 et plus
Responsable Projets et Run Opérations de Marché Expérimenté en Kondor H/F,Casablanca (Maroc),12/02/2024,Banque / Finance,Informatique / Electronique,CDI,,,Bac +5 et plus
Product Owner,Casablanca (Maroc),12/02/2024,Informatique,Informatique / Electronique,CDI,,,Bac +5 et plus
Senior Data Scientist,Casablanca (Maroc),12/02/2024,Informatique,Informatique / Electronique,CDI,,,Bac +5 et plus
Senior PHP Full-stack Developer,Casablanca (Maroc),12/02/2024,Informatique,Informatique / Electronique,CDI,,,Bac +5 et plus
Senior Data Analyst,Casablanca (Maroc),12/02/2024,Informatique,Informatique / Electronique,CDI,,,Bac +5 et plus
Scrum Master,Casablanca (Maroc),12/02/2024,Informatique,Informatique / Electronique,CDI,,,Bac +5 et plus
IT Helpdesk Specialist,Casablanca (Maroc),12/02/2024,Informatique,Informatique / Electronique,CDI,,,Bac +3
Chargé Etudes & Développement Senior,Casablanca (Maroc),11/02/2024,Banque / Finance,Informatique / Electronique,CDI,,,Bac +5 et plus
Architecte solutions,Casablanca (Maroc),11/02/2024,Banque / Finance,Informatique / Electronique,CDI,,,Bac +5 et plus
Développeur Mobile IOS Confirmé,Casablanca (Maroc),11/02/2024,Banque / Finance,Informatique / Electronique,CDI,,,Bac +5 et plus
Senior Data Analyst (H/F),SALA AL JADIDA (Maroc),09/02/2024,Informatique,Informatique / Electronique,CDI,,,Bac +5 et plus
Functionnal lead Modern Workplace,Casablanca (Maroc),09/02/2024,Banque / Finance,Informatique / Electronique,CDI,,,Bac +5 et plus
Scrum master,Casablanca (Maroc),09/02/2024,Informatique,Informatique / Electronique,Freelance,,,Bac +5 et plus
Stage PFE Sogecapital Gestion - Robot advisor,Casablanca (Maroc),09/02/2024,Banque / Finance,Informatique / Electronique,Stage,,,Bac +5 et plus
Développeurs mobiles Seniors,Casablanca (Maroc),09/02/2024,Banque / Finance,Informatique / Electronique,Freelance,,,Bac +5 et plus
Ingénieur Intégration RBS H/F,Rabat (Maroc),09/02/2024,Enseignement / Formation,Informatique / Electronique,CDI,,,Bac +5 et plus
Senior Consultant Salesforce,Casablanca (Maroc),09/02/2024,Conseil / Etudes,Informatique / Electronique,CDI,,,Bac +5 et plus
Concepteur Développeur Fullstack (H/F),Technopolis (Maroc),08/02/2024,Informatique,Informatique / Electronique,CDI,,,Bac +5 et plus
"Administrateur Cloud AWS, CGP",Rabat (Maroc),08/02/2024,Informatique,Informatique / Electronique,CDI,,,Bac +5 et plus
Développeur Fullstack Java JEE Senior,Rabat (Maroc),08/02/2024,Informatique,Informatique / Electronique,CDI,,,Bac +5 et plus
Architecte Fonctionnel,Rabat Technopolis (Maroc),08/02/2024,Informatique,Informatique / Electronique,CDI,,,Bac +5 et plus
Développeur Laravel / Vue JS,Casablanca (Maroc),08/02/2024,Informatique,Informatique / Electronique,CDI,,,Bac +5 et plus
Tech Lead Java/ Ingénieur Senior Java,Rabat (Maroc),08/02/2024,Informatique,Informatique / Electronique,CDI,,,Bac +5 et plus
IT Business Partner,Benguerir (Maroc),07/02/2024,Enseignement / Formation,Informatique / Electronique,CDI,,,Bac +3
Delivery Manager IT,Benguerir (Maroc),07/02/2024,Enseignement / Formation,Informatique / Electronique,CDI,,,Bac +5 et plus
Développeur Tibco & Développeur Salesforce module Velocity,Casablanca (Maroc),07/02/2024,Informatique,Informatique / Electronique,CDI,,,Bac +5 et plus
IT ONSITE Engineer,Rabat (Maroc),07/02/2024,Informatique,Informatique / Electronique,CDI,,,Bac +3
Consultation pour un Proxim IT bureautique ( suites bureautiques ( G-Suite / Microsoft office ),Casablanca (Maroc),07/02/2024,Informatique,Informatique / Electronique,Freelance,,,Bac +5 et plus
Formateur en développement Web,Safi (Maroc),07/02/2024,Enseignement / Formation,Informatique / Electronique,CDI,,,Autodidacte
Administrateur Système d'Information,Rabat (Maroc),07/02/2024,Informatique,Informatique / Electronique,CDI,,,Bac +5 et plus
Technicien Helpdesck N1 (F/H),Mohammédia (Maroc),07/02/2024,Informatique,Informatique / Electronique,CDI,,,Bac +2
Ingénieur ERP Décisionnel - Navision (H/F),Casablanca (Maroc),06/02/2024,Informatique,Informatique / Electronique,CDI,,,Bac +5 et plus
Technicien Support Informatique,Bouskoura (Maroc),06/02/2024,Informatique,Informatique / Electronique,CDI,,,Bac +2
Tech Lead développeur Python H/F,Technopolis (Maroc),06/02/2024,Informatique,Informatique / Electronique,CDI,,,Bac +5 et plus
Administrateur Systèmes & Bases de données (H/F),Rabat (Maroc),06/02/2024,Agriculture / Environnement,Informatique / Electronique,CDI,,,Bac +4
Ingénieur Réseau et infrastructure,Casablanca (Maroc),06/02/2024,Informatique,Informatique / Electronique,CDI,,,Bac +5 et plus
Ingénieur technico-fonctionnel (H/F),Technopolis (Maroc),05/02/2024,Informatique,Informatique / Electronique,CDI,,,Bac +5 et plus
"Devenez Consultant en rejoignant Leyton ! (Offre ouvertes aux ingénieurs, docteurs et doctorants en informatique)",Casablanca (Maroc),05/02/2024,Informatique,Informatique / Electronique,CDI,,,Bac +5 et plus
Ingénieur Sécurité Informatique (H/F),Casablanca (Maroc),05/02/2024,Informatique,Informatique / Electronique,CDI,,,Bac +5 et plus
Business Analyste (F/H),Fès (Maroc),05/02/2024,Informatique,Informatique / Electronique,CDI,,,Bac +5 et plus
Directeur de compétences,Rabat (Maroc),05/02/2024,Informatique,Informatique / Electronique,CDI,,,Bac +5 et plus
Tech lead Java (H/F),Casanearshore (Maroc),05/02/2024,Informatique,Informatique / Electronique,CDI,,,Bac +5 et plus
Ingénieur DevOps (H/F),Technopolis (Maroc),05/02/2024,Informatique,Informatique / Electronique,CDI,,,Bac +5 et plus
Tech Lead Ingénieur Réseau,Rabat (Maroc),05/02/2024,Informatique,Informatique / Electronique,CDI,,,Bac +5 et plus
Site Manager (H/F),Agadir (Maroc),05/02/2024,Banque / Finance,Informatique / Electronique,CDI,,,Bac +5 et plus
Expert Technique en Transformation Digitale du Secteur Public et en Politique Numérique (H/F),Rabat (Maroc),05/02/2024,Conseil / Etudes,Informatique / Electronique,Autre,,,Bac +5 et plus
Chef de projet Système d’Informations,Casablanca (Maroc),05/02/2024,Informatique,Informatique / Electronique,CDI,,,Bac +5 et plus
Concepteur développeur python,Technopolis (Maroc),05/02/2024,Informatique,Informatique / Electronique,CDI,,,Bac +4
Technicien de Proximité,Salé - Technopolis (Maroc),05/02/2024,Informatique,Informatique / Electronique,CDI,,,Bac +2
APL Change Management,Salé - Technopolis (Maroc),05/02/2024,Informatique,Informatique / Electronique,CDI,,,Bac +3
Concepteur Développeur PHP (H/F),Technopolis (Maroc),05/02/2024,Informatique,Informatique / Electronique,CDI,,,Bac +5 et plus
APL Incident Management,Salé (Technopolis) (Maroc),05/02/2024,Informatique,Informatique / Electronique,CDI,,,Bac +3
Testeur Automaticien (H/F),Rabat (Maroc),05/02/2024,Informatique,Informatique / Electronique,CDI,,,Bac +5 et plus
Architecte Solutions (H/F),Casablanca (Maroc),05/02/2024,Banque / Finance,Informatique / Electronique,CDI,,,Bac +5 et plus
Ingénieur Système (H/F),Rabat (Maroc),05/02/2024,Informatique,Informatique / Electronique,CDI,,,Bac +5 et plus
Systems Administrator Junior,Sala Al Jadida (Maroc),05/02/2024,Informatique,Informatique / Electronique,CDI,,,Bac +5 et plus
Ingénieur Logiciel DevOps Sénior ( H/F),Technopolis (Maroc),05/02/2024,Informatique,Informatique / Electronique,CDI,,,Bac +5 et plus
Data analyst (H/F),Casablanca (Maroc),05/02/2024,Informatique,Informatique / Electronique,CDI,,,Bac +5 et plus
Consultant Expert sécurité SI,Casablanca (Maroc),05/02/2024,Informatique,Informatique / Electronique,Freelance,,,Bac +5 et plus
Team Leader PDT,Casablanca (Maroc),05/02/2024,Banque / Finance,Informatique / Electronique,CDI,,,Bac +5 et plus
Expert Infrastructure SI,Casablanca (Maroc),05/02/2024,Banque / Finance,Informatique / Electronique,CDI,,,Bac +5 et plus
Réfèrent technique C/C++ (H/F),technopolis (Maroc),05/02/2024,Informatique,Informatique / Electronique,CDI,,,Bac +5 et plus
Préparateur des Salles TP et Laboratoires / Adjoint Technique,Fès (Maroc),02/02/2024,Enseignement / Formation,Informatique / Electronique,CDI,,,Bac +2
Développeur(se) Salesforce,Casablanca (Maroc),02/02/2024,Informatique,Informatique / Electronique,CDI,,,Bac +5 et plus
Ingénieur développement .Net Junior,Casablanca (Maroc),02/02/2024,Informatique,Informatique / Electronique,CDI,,,Bac +5 et plus
Scrum Master (H/F),Casablanca (Maroc),02/02/2024,Informatique,Informatique / Electronique,CDI,,,Bac +5 et plus
Développeur .NET Junior,Casablanca (Maroc),02/02/2024,Informatique,Informatique / Electronique,CDI,,,Bac +5 et plus
Penetration Testing Expert (confirmed),Rabat (Maroc),02/02/2024,Assurance / Courtage,Informatique / Electronique,Freelance,,,Bac +5 et plus
Penetration Testing Expert (Senior),Rabat (Maroc),02/02/2024,Assurance / Courtage,Informatique / Electronique,Freelance,,,Bac +5 et plus
Stagiaire IT PFE (H/F) (Stage Rémunéré),Casablanca (Maroc),02/02/2024,Informatique,Informatique / Electronique,Stage,,,Bac +5 et plus
Expert Technico Fonctionnel ( H/F),Technopolis (Maroc),01/02/2024,Informatique,Informatique / Electronique,CDI,,,Bac +5 et plus
Software Engineer/JAVA JEE,Casablanca (Maroc),01/02/2024,Informatique,Informatique / Electronique,CDI,,,Bac +5 et plus
Chef(s) de projet Production SI,Casablanca (Maroc),01/02/2024,Banque / Finance,Informatique / Electronique,CDI,,,Bac +5 et plus
Chef de projet SI - Moyens de paiement,Casablanca (Maroc),01/02/2024,Autres services,Informatique / Electronique,CDI,,,Bac +5 et plus
Chef de projet SI ( Plusieurs profils),Casablanca (Maroc),01/02/2024,Banque / Finance,Informatique / Electronique,CDI,,,Bac +5 et plus
Consultant SAP FICO,"Rabat, Rabat-Salé-Kénitra, Maroc (Maroc)",01/02/2024,Informatique,Informatique / Electronique,CDI,,,Bac +5 et plus
Ingénieur d’études JAVA/J2EE,Casablanca (Maroc),31/01/2024,Informatique,Informatique / Electronique,CDI,,,Bac +5 et plus
Développeur AS400 / RPG,Casablanca (Maroc),31/01/2024,Informatique,Informatique / Electronique,CDI,,,Bac +5 et plus
Ingénieur Microsoft 365 H/F - Devoteam M Cloud,Casablanca (Maroc),31/01/2024,Conseil / Etudes,Informatique / Electronique,CDI,,,Bac +5 et plus
Directeur de Projets Senior,Casablanca (Maroc),31/01/2024,Banque / Finance,Informatique / Electronique,Freelance,,,Bac +5 et plus
Senior Backend Developer,Sala Al Jadida (Maroc),31/01/2024,Informatique,Informatique / Electronique,CDI,,,Bac +5 et plus
Business Analyste (H/F),Casablanca (Maroc),31/01/2024,Informatique,Informatique / Electronique,CDI,,,Bac +5 et plus
Expert .Net,Casablanca (Maroc),31/01/2024,Informatique,Informatique / Electronique,Freelance,,,Bac +5 et plus
Concepteur Développeur PHP,Rabat (Maroc),31/01/2024,Informatique,Informatique / Electronique,CDI,,,Bac +5 et plus
Agent de support IT,Casablanca (Maroc),31/01/2024,Informatique,Informatique / Electronique,Autre,,,Bac +2
Chef de projet organisation et avant vente ( H/F),Casablanca (Maroc),30/01/2024,Informatique,Informatique / Electronique,CDI,,,Bac +5 et plus
Ingénieur DevOps,Rabat (Maroc),30/01/2024,Assurance / Courtage,Informatique / Electronique,Freelance,,,Bac +5 et plus
Chef de Projet Bancaire TMA,Casablanca (Maroc),30/01/2024,Banque / Finance,Informatique / Electronique,CDI,,,Bac +5 et plus
Ingénieur DévOps,Casablanca (Maroc),30/01/2024,Informatique,Informatique / Electronique,CDI,,,Bac +5 et plus
Responsable infrastructure IT,Casablanca (Maroc),30/01/2024,Informatique,Informatique / Electronique,CDI,,,Bac +5 et plus
Chef de projet SAP,Rabat (Maroc),30/01/2024,Assurance / Courtage,Informatique / Electronique,Freelance,,,Bac +5 et plus
Service Desk Analyst (Germanophone),Rabat (Maroc),30/01/2024,Centre d'appel,Informatique / Electronique,CDI,,,Bac
Junior Data-Scientist Engineer,Benguerir (Maroc),29/01/2024,Enseignement / Formation,Informatique / Electronique,CDD,,,Bac +5 et plus
Network Intrusion Detection Intelligent Systems Engineer,Benguerir (Maroc),29/01/2024,Enseignement / Formation,Informatique / Electronique,CDD,,,Bac +5 et plus
Ingénieur Intégration Solutions Réseaux,Rabat Technopolis (Maroc),29/01/2024,Informatique,Informatique / Electronique,CDI,,,Bac +5 et plus
Business Analyst,Rabat Technopolis (Maroc),29/01/2024,Informatique,Informatique / Electronique,CDI,,,Bac +5 et plus
Data Engineer Python,Rabat (Maroc),29/01/2024,Distribution,Informatique / Electronique,CDI,,,Bac +5 et plus
Intégrateur Système Middle Senior (H/F),Casablanca (Maroc),29/01/2024,Informatique,Informatique / Electronique,CDI,,,Bac +4
Cloud SaaS Engineer Senior,"Technopolis, Salé (Maroc)",29/01/2024,Informatique,Informatique / Electronique,CDI,,,Bac +4
Intégrateur Système Middle Senior (H/F),Rabat (Maroc),29/01/2024,Informatique,Informatique / Electronique,CDI,,,Bac +4
Support Engineer,Casablanca (Maroc),29/01/2024,Informatique,Informatique / Electronique,CDI,,,Bac +4
Expert Cybersécurité (H/F),Casablanca (Maroc),28/01/2024,Banque / Finance,Informatique / Electronique,CDI,,,Bac +5 et plus
Administrateur SI,Nouaceur (Maroc),27/01/2024,Informatique,Informatique / Electronique,CDI,,,Bac +3
Architecte Technique Hybride H/F - Innovative Tech,Rabat (Maroc),26/01/2024,Informatique,Informatique / Electronique,CDI,,,Bac +5 et plus
Tech Lead Java/Angular,Rabat (Maroc),26/01/2024,Informatique,Informatique / Electronique,CDI,,,Bac +5 et plus
consultant Sécurité des systèmes d’information,Casablanca (Maroc),26/01/2024,Banque / Finance,Informatique / Electronique,Freelance,,,Bac +5 et plus
Développeur Java/Angular Sénior,Rabat (Maroc),26/01/2024,Informatique,Informatique / Electronique,CDI,,,Bac +5 et plus
Data Engineer Spark/Scala,Rabat (Maroc),26/01/2024,Informatique,Informatique / Electronique,CDI,,,Bac +5 et plus
Industrial IT Expert,Casablanca (Maroc),26/01/2024,Autres Industries,Informatique / Electronique,CDI,,,Bac +5 et plus
Leader Technique Windev (F/H),Casablanca (Maroc),24/01/2024,Informatique,Informatique / Electronique,CDI,,,Bac +5 et plus
Leader Technique Dot Net (F/H),Casablanca (Maroc),24/01/2024,Informatique,Informatique / Electronique,CDI,,,Bac +5 et plus
Technicien Spécialisé en Systèmes et Réseau,Meknès (Maroc),23/01/2024,Informatique,Informatique / Electronique,CDI,,,Bac +2
SAP Responsible,Kénitra (Maroc),23/01/2024,Automobile / Motos / Cycles,Informatique / Electronique,CDI,,,Bac +5 et plus
Service Desk Analyst (Hispanophone),Rabat (Maroc),23/01/2024,Centre d'appel,Informatique / Electronique,CDI,,,Bac
SAP Basis Consultant,Rabat et périphérie (Maroc),23/01/2024,Informatique,Informatique / Electronique,CDI,,,Bac +2
Java Developer,Sala Al Jadida (Maroc),23/01/2024,Informatique,Informatique / Electronique,CDI,,,Bac +5 et plus
Chef de Projet BI Anglophone (F/H),Casablanca (Maroc),22/01/2024,Informatique,Informatique / Electronique,CDI,,,Bac +5 et plus
Data Engineer,Rabat (Maroc),22/01/2024,Informatique,Informatique / Electronique,CDI,,,Bac +5 et plus
Consultant BI,Casablanca (Maroc),22/01/2024,Comptabilité / Audit,Informatique / Electronique,CDI,,,Bac +5 et plus
Technicien Service Desk FR/EN (H/F),Sala Al Jadida (Maroc),22/01/2024,Centre d'appel,Informatique / Electronique,CDI,,,Bac +2
Testing DevOps Senior  / Project Management Service,Rabat (Maroc),22/01/2024,Assurance / Courtage,Informatique / Electronique,Freelance,,,Bac +5 et plus
Responsable Informatique Expérimenté F/H,Casablanca (Maroc),22/01/2024,Informatique,Informatique / Electronique,CDI,,,Bac +5 et plus
Consultant d'analyse de cycle de vie & modélisation d’impacts environnementaux (H/F),technopolis (Maroc),22/01/2024,Informatique,Informatique / Electronique,CDI,,,Bac +5 et plus
IT PMO,Casablanca (Maroc),22/01/2024,Informatique,Informatique / Electronique,CDI,,,Bac +3
Superviseur SI,Casablanca (Maroc),22/01/2024,Banque / Finance,Informatique / Electronique,Autre,,,Bac +3
Tech Lead Java Spark,Casablanca (Maroc),19/01/2024,Informatique,Informatique / Electronique,Freelance,,,Bac +5 et plus
Chef de Projet Senior / Agile,Fès (Maroc),19/01/2024,Informatique,Informatique / Electronique,CDI,,,Bac +5 et plus
Consultant Cloud Azure & Data  (F/H),Casablanca (Maroc),18/01/2024,Informatique,Informatique / Electronique,CDI,,,Bac +5 et plus
Expert Technique Java / Angular (F/H),Rabat (Maroc),18/01/2024,Informatique,Informatique / Electronique,CDI,,,Bac +4
Expert Technique Java /J2EE Sénior (F/H),Fès (Maroc),18/01/2024,Informatique,Informatique / Electronique,CDI,,,Bac +4
Développeur Full Stack Confirmé (F/H),Casablanca (Maroc),18/01/2024,Informatique,Informatique / Electronique,CDI,,,Bac +5 et plus
Tech Lead Cloud Data Senior (F/H),Rabat (Maroc),18/01/2024,Informatique,Informatique / Electronique,Autre,,,Bac +5 et plus
Architecte Cloud (F/H),Rabat (Maroc),18/01/2024,Informatique,Informatique / Electronique,CDI,,,Bac +4
Ingénieur DevOps (F/H),Rabat (Maroc),18/01/2024,Informatique,Informatique / Electronique,CDI,,,Bac +5 et plus
Expert Technique Java /J2EE Sénior (F/H),Casablanca (Maroc),18/01/2024,Informatique,Informatique / Electronique,CDI,,,Bac +4
Expert Webmethods (F/H),Rabat (Maroc),18/01/2024,Informatique,Informatique / Electronique,CDI,,,Bac +5 et plus
Ingénieur support applicatif niveau 2 expérimenté(e) F/H,Casablanca (Maroc),18/01/2024,Informatique,Informatique / Electronique,CDI,,,Bac +5 et plus
Développeur(se) Web Full Stack Expérimenté(e) F/H,Casablanca (Maroc),18/01/2024,Informatique,Informatique / Electronique,CDI,,,Bac +5 et plus
Tech Lead (H/F),Casablanca (Maroc),18/01/2024,Informatique,Informatique / Electronique,CDI,,,Bac +5 et plus
Consultant Support FAI,Fès (Maroc),18/01/2024,Telecom,Informatique / Electronique,Autre,,,Bac +2
Ingénieur Avant-Vente (Secteur Télécom),Mohammédia (Maroc),17/01/2024,Informatique,Informatique / Electronique,Freelance,,,Bac +5 et plus
Administrateur SAP & bases de données (H/F),Casablanca (Maroc),17/01/2024,Energie,Informatique / Electronique,CDI,,,Bac +5 et plus
Ingénieur Infrastructure et Cloud,Benguerir (Maroc),17/01/2024,Enseignement / Formation,Informatique / Electronique,CDI,,,Bac +5 et plus
Ingénieur Production Applicative,Benguerir (Maroc),17/01/2024,Enseignement / Formation,Informatique / Electronique,CDI,,,Bac +5 et plus
Scrum Master,Sala Al Jadida (Maroc),17/01/2024,Informatique,Informatique / Electronique,CDI,,,Bac +5 et plus
Stage PFE : Intégrez nos Équipes et Évoluez à nos Côtés !,Casablanca (Maroc),17/01/2024,Informatique,Informatique / Electronique,Stage,,,Bac +5 et plus
Data Architect ( H/F),Technopolis (Maroc),16/01/2024,Informatique,Informatique / Electronique,CDI,,,Bac +5 et plus
Service desk analyst (Classic Arabic),Sala al Jadida (Maroc),16/01/2024,Informatique,Informatique / Electronique,CDI,,,Bac +2
Data Architect (H/F),Rabat (Maroc),16/01/2024,Informatique,Informatique / Electronique,CDI,,,Bac +5 et plus
Data Architect (H/F),Casablanca (Maroc),16/01/2024,Informatique,Informatique / Electronique,CDI,,,Bac +5 et plus
Stagiaire Agent Helpdesk (H/F),Casablanca (Maroc),16/01/2024,Informatique,Informatique / Electronique,Stage,,,Bac +2
Data Architect (H/F),Casablanca / Rabat (Maroc),16/01/2024,Informatique,Informatique / Electronique,CDI,,,Bac +5 et plus
Service Delivery Officer - spécialisation Téléphonie (H/ F),Rabat (Maroc),16/01/2024,Internet / Multimédia,Informatique / Electronique,CDI,,,Bac +5 et plus
Web Developer,Sala Al Jadida (Maroc),16/01/2024,Informatique,Informatique / Electronique,CDI,,,Bac +5 et plus
Développeur Front-end React (H/F),Casablanca (Maroc),16/01/2024,Informatique,Informatique / Electronique,CDI,,,Bac +5 et plus
Expert Technico Fonctionnel Billing (H/F) -Débutant,Technopolis (Maroc),16/01/2024,Informatique,Informatique / Electronique,CDI,,,Bac +5 et plus
Ingénieur DevOps (H/F) - Technopolis,Rabat (Maroc),16/01/2024,Informatique,Informatique / Electronique,CDI,,,Bac +5 et plus
Développeur Node.js (Back-end),Casablanca (Maroc),16/01/2024,Informatique,Informatique / Electronique,CDI,,,Bac +5 et plus
Ingénieur(e) Support (H/F),Rabat (Maroc),16/01/2024,Informatique,Informatique / Electronique,CDI,,,Bac +2
