job Title,adresse company,Domaine,Fonction,Contrat,salaire,Niveau_etude
Agent de Technique Informatique,Casablanca,Informatique / Multimédia / Internet,Fonction : Informatique - Systèmes d'Information,CDI,A discuter,Bac +2
Ingénieur développeur Symfony / PHP 7,Marrakech,Informatique / Multimédia / Internet,Fonction : Informatique - Développement,CDI,8 000 - 10 000 DH,Bac +5
INFOGRAPHIE DESING,Casablanca,Informatique / Multimédia / Internet,Fonction : Informatique - Webdesign/Infographie,A discuter,A discuter,Bac +2
Intégration erp odoo,Casablanca,Informatique / Multimédia / Internet,Fonction : Informatique - Systèmes d'Information,CDI,A discuter,Pas important
Technicien HELP DESK,Agadir,Informatique / Multimédia / Internet,Fonction : Informatique - Systèmes/Réseaux,CDI,A discuter,Bac +2
INFORMATICIEN,Casablanca,Informatique / Multimédia / Internet,Fonction : Informatique - Systèmes/Réseaux,A discuter,A discuter,Bac +3
Technicien en iformatique et réseau,Casablanca,Informatique / Multimédia / Internet,Fonction : Informatique - Systèmes/Réseaux,CDI,A discuter,Pas important
Technicien en informatique Deroua et Casa,Casablanca,Informatique / Multimédia / Internet,Fonction : Informatique - Systèmes/Réseaux,CDI,A discuter,Pas important
Stage PFE - Business developer,Casablanca,Informatique / Multimédia / Internet,Fonction : Commercial IT/Agence Com,Stage,Commission,Pas important
Stage PFE en développement mobile React Native,Casablanca,Informatique / Multimédia / Internet,Fonction : Informatique - Développement,Stage,A discuter,Bac +5
Ingénieur Devops Cloud & Infrastructure,Casablanca,Informatique / Multimédia / Internet,Fonction : Informatique - Systèmes/Réseaux,CDI,Plus de 10 000 DH,Bac +5
Stage PFE en Marketing digital & communication,Casablanca,Informatique / Multimédia / Internet,Fonction : Marketing/Communication,Stage,A discuter,Pas important
Developpeur SENIOR JAVA LIFERAY,Rabat,Informatique / Multimédia / Internet,Fonction : Informatique - Développement,CDI,A discuter,Bac +5
EVELOPPEUR SENIOR JAVA/LIFERAY,Rabat,Informatique / Multimédia / Internet,Fonction : Informatique - Développement,CDI,A discuter,Bac +5
Video editor,Tout le Maroc,Informatique / Multimédia / Internet,Fonction : Marketing/Communication,A discuter,2 000 - 3 000 DH,Pas important
Responsable IT,Marrakech,Informatique / Multimédia / Internet,Fonction : Informatique - Systèmes d'Information,CDI,A discuter,Bac +5
Développeur IT,Casablanca,Informatique / Multimédia / Internet,Fonction : Informatique - Développement,A discuter,A discuter,Bac +3
Technicien réseaux /IT,Casablanca,Informatique / Multimédia / Internet,Fonction : Informatique - Systèmes/Réseaux,A discuter,A discuter,Niveau Bac
Technicien IT (H/F),Tanger,Informatique / Multimédia / Internet,Fonction : Informatique - Systèmes/Réseaux,A discuter,A discuter,Bac +2
IT Technician,Tanger,Informatique / Multimédia / Internet,Fonction : Informatique - Systèmes/Réseaux,A discuter,A discuter,Bac +2
Technicien informatique,Zagora,Informatique / Multimédia / Internet,Fonction : Informatique - Développement,CDI,6 000 - 8 000 DH,Bac +2
Stage dev informatique IT ET IA Appli Mobile,Casablanca,Informatique / Multimédia / Internet,Fonction : Informatique - Développement,Stage,Commission,Bac +2
Business Developer IT,Casablanca,Informatique / Multimédia / Internet,Fonction : Commercial IT/Agence Com,CDI,A discuter,Bac +4
Administrateur IT - Support niveau 1 et 2 - CDI,Marrakech,Informatique / Multimédia / Internet,Fonction : Informatique - Systèmes/Réseaux,CDI,6 000 - 8 000 DH,Bac +2
STAGE IT Support informatique - 3 mois-CASABLANCA,Casablanca,Informatique / Multimédia / Internet,Fonction : Informatique - Systèmes/Réseaux,Stage,A discuter,Bac +2
Stage en développement web - amélioration erp,Casablanca,Informatique / Multimédia / Internet,Fonction : Informatique - Développement,Stage,A discuter,Bac +2
DEVELOPPEUR IT,Casablanca,Informatique / Multimédia / Internet,Fonction : Informatique - Systèmes d'Information,CDI,A discuter,Bac +5
Technicien IT,Nouaceur,Informatique / Multimédia / Internet,Fonction : Informatique - Systèmes d'Information,CDI,A discuter,Bac +3
Stage en développement web - Wordpress,Casablanca,Informatique / Multimédia / Internet,Fonction : Informatique - Développement Hardware,Stage,A discuter,Bac +3
IT Specialist,Mohammedia,Informatique / Multimédia / Internet,Fonction : Informatique - Systèmes d'Information,CDI,A discuter,Bac +2
Technicien IT // TANGER,Tanger,Informatique / Multimédia / Internet,Fonction : Informatique - Systèmes/Réseaux,A discuter,3 000 - 4 000 DH,Bac +2
IT ( information technologies).,Casablanca,Informatique / Multimédia / Internet,Fonction : Informatique - Systèmes d'Information,A discuter,A discuter,Bac +5
Poste: Gestionnaire Informatique,Agadir,Informatique / Multimédia / Internet,Fonction : Commercial IT/Agence Com,CDD,A discuter,Pas important
Reponsable IT,Tanger,Informatique / Multimédia / Internet,Fonction : Informatique - Systèmes/Réseaux,CDI,A discuter,Bac +2
"Développeur Odoo, applications et WEB - CDI",Marrakech,Informatique / Multimédia / Internet,Fonction : Informatique - Développement,CDI,A discuter,Bac +2
Technicien support IT,Casablanca,Informatique / Multimédia / Internet,Fonction : Informatique - Systèmes/Réseaux,CDI,A discuter,Bac +2
Offre de stage rénuméré en marketing digital,Agadir,Informatique / Multimédia / Internet,Fonction : Commercial IT/Agence Com,Stage,A discuter,Bac +2
Italian-speaking Help Desk Analyst (RABAT),Rabat,Informatique / Multimédia / Internet,Fonction : SAV/Hotline/Téléconseiller,CDI,A discuter,Bac +2
Stage ADS Manager,Agadir,Informatique / Multimédia / Internet,Fonction : Commercial IT/Agence Com,Stage,A discuter,Bac +2
Offre d’emploi : Consultant IT,Casablanca,Informatique / Multimédia / Internet,Fonction : Informatique - Systèmes/Réseaux,A discuter,A discuter,Bac +2
Technicien spécialisé en système d’information,Casablanca,Informatique / Multimédia / Internet,Fonction : Informatique - Systèmes d'Information,CDD,A discuter,Bac +2
Developpeur IT,Bouskoura,Informatique / Multimédia / Internet,Fonction : Informatique - Développement,CDI,A discuter,Bac +5
Stagiaire Community Manager,Agadir,Informatique / Multimédia / Internet,Fonction : Commercial IT/Agence Com,Stage,A discuter,Bac +2
Technicien IT,Mohammedia,Informatique / Multimédia / Internet,Fonction : Informatique - Systèmes d'Information,CDI,A discuter,Bac +3
Technicien informatique,Casablanca,Informatique / Multimédia / Internet,Fonction : Informatique - Systèmes/Réseaux,CDI,4 000 - 6 000 DH,Bac +5
Développeur PHP/MySQL,Casablanca,Informatique / Multimédia / Internet,Fonction : Informatique - Développement,CDI,6 000 - 8 000 DH,Bac +2
Chargé IT,Tetouan,Informatique / Multimédia / Internet,Fonction : Informatique - Systèmes d'Information,CDI,A discuter,Bac +3
TECHNICIEN IT CASABLANCA & RABAT,Casablanca,Informatique / Multimédia / Internet,Fonction : Informatique - Systèmes d'Information,Interim,A discuter,Bac +2
Responsable IT,Berrechid,Informatique / Multimédia / Internet,Fonction : Informatique - Systèmes/Réseaux,CDI,A discuter,Bac +5
Responsable IT,Casablanca,Informatique / Multimédia / Internet,Fonction : Informatique - Systèmes d'Information,CDI,A discuter,Bac +3
Informaticien en Charge du Support IT,Bouskoura,Informatique / Multimédia / Internet,Fonction : Informatique - Systèmes d'Information,A discuter,A discuter,Bac +2
Technicien réseau confirmé,Rabat,Informatique / Multimédia / Internet,Fonction : Informatique - Systèmes/Réseaux,A discuter,A discuter,Bac +2
Technicien IT,Casablanca,Informatique / Multimédia / Internet,Fonction : Informatique - Systèmes/Réseaux,A discuter,A discuter,Bac +2
Stagiaire Video Editor/Videography,Agadir,Informatique / Multimédia / Internet,Fonction : Commercial IT/Agence Com,Stage,A discuter,Bac +2
Technicien stagiare en reseau informatique,Rabat,Informatique / Multimédia / Internet,Fonction : Informatique - Systèmes d'Information,Stage,A discuter,Bac +2
Stage ADS Manager,Agadir,Informatique / Multimédia / Internet,Fonction : Commercial IT/Agence Com,Stage,A discuter,Bac +2
Stagiaire Video Editor/Videography,Agadir,Informatique / Multimédia / Internet,Fonction : Commercial IT/Agence Com,Stage,A discuter,Bac +2
Stage Développeur Tailwind CSS,Agadir,Informatique / Multimédia / Internet,Fonction : Commercial IT/Agence Com,A discuter,A discuter,Bac +2
Stagiaire Video Editor/Videography,Agadir,Informatique / Multimédia / Internet,Fonction : Commercial IT/Agence Com,Stage,A discuter,Bac +2
Technicien de maintenance HARDWARE,Casablanca,Informatique / Multimédia / Internet,Fonction : Informatique - Systèmes/Réseaux,CDI,3 000 - 4 000 DH,Pas important
Offre Technicien en Reseaux et Maintenance,Casablanca,Informatique / Multimédia / Internet,Fonction : Informatique - Systèmes/Réseaux,A discuter,A discuter,Bac +2
IT Specialist,Casablanca,Informatique / Multimédia / Internet,Fonction : Informatique - Systèmes d'Information,CDI,A discuter,Bac +5
COMMUNITY MANAGER,Casablanca,Informatique / Multimédia / Internet,Fonction : Commercial IT/Agence Com,A discuter,A discuter,Bac +2
Technicien réseaux informatique,Tout le Maroc,Informatique / Multimédia / Internet,Fonction : Informatique - Systèmes/Réseaux,A discuter,A discuter,Pas important
Technicien système &réseau 5ans d expérience,Rabat,Informatique / Multimédia / Internet,Fonction : Informatique - Systèmes/Réseaux,A discuter,A discuter,Bac +2
Stagiaire Video Editor/Videography,Agadir,Informatique / Multimédia / Internet,Fonction : Commercial IT/Agence Com,Stage,A discuter,Bac +2
Stage Pfe IT Tanger,Tanger,Informatique / Multimédia / Internet,Fonction : Informatique - Développement,Stage,A discuter,Bac +3
Offre de stage Assistante & community manager,Agadir,Informatique / Multimédia / Internet,Fonction : Commercial IT/Agence Com,Stage,A discuter,Bac +2
IT Support Specialist,Tanger,Informatique / Multimédia / Internet,Fonction : Informatique - Développement,CDI,3 000 - 4 000 DH,Bac +3
Webmaster & social media manager,Marrakech,Informatique / Multimédia / Internet,Fonction : Informatique - Webdesign/Infographie,CDI,6 000 - 8 000 DH,Pas important
Assistante de formation enligne à Safi,Safi,Informatique / Multimédia / Internet,Fonction : Commercial IT/Agence Com,A discuter,A discuter,Bac +2
Stagiaire Video Editor/Videography,Agadir,Informatique / Multimédia / Internet,Fonction : Commercial IT/Agence Com,Stage,A discuter,Bac +2
Technicien réseau informatique,Mohammedia,Informatique / Multimédia / Internet,Fonction : Informatique - Systèmes/Réseaux,CDI,A discuter,Bac +2
Technicien Système& réseau informatique/ 5ans expé,Rabat,Informatique / Multimédia / Internet,Fonction : Informatique - Systèmes/Réseaux,A discuter,A discuter,Bac +2
Stage Préembauche CHef de projet Junior,Casablanca,Informatique / Multimédia / Internet,Fonction : Informatique - Développement Hardware,CDI,A discuter,Bac +5
Technicien réseau informatique,Casablanca,Informatique / Multimédia / Internet,Fonction : Informatique - Systèmes/Réseaux,CDI,A discuter,Bac +2
Technicien(ne) Support IT / Helpdesk,Casablanca,Informatique / Multimédia / Internet,Fonction : Informatique - Systèmes/Réseaux,CDI,4 000 - 6 000 DH,Bac +2
Chef de Projet,Casablanca,Informatique / Multimédia / Internet,Fonction : Informatique - Systèmes d'Information,A discuter,A discuter,Bac +3
Responsable Marketing,Casablanca,Informatique / Multimédia / Internet,Fonction : Marketing/Communication,A discuter,A discuter,Bac +3
Technicien Bac+3 en Système et Réseau Informatique,Rabat,Informatique / Multimédia / Internet,Fonction : Informatique - Systèmes/Réseaux,A discuter,A discuter,Bac +3
SUPPORT IT,Casablanca,Informatique / Multimédia / Internet,Fonction : Informatique - Systèmes/Réseaux,A discuter,4 000 - 6 000 DH,Bac +3
QA Engineer,Marrakech,Informatique / Multimédia / Internet,Fonction : Informatique - Développement,CDI,A discuter,Pas important
Profil IT (BAC + 2)maîtrisant Sql;langage Python),Casablanca,Informatique / Multimédia / Internet,Fonction : Informatique - Systèmes d'Information,CDD,A discuter,Bac +2
Webmaster Internship offer,Bouskoura,Informatique / Multimédia / Internet,Fonction : Commercial/Technico-Commercial,Stage,A discuter,Bac +2
"Stage en seo""",Agadir,Informatique / Multimédia / Internet,Fonction : Commercial IT/Agence Com,Stage,A discuter,Bac +2
Chief of Service Department,Casablanca,Informatique / Multimédia / Internet,Fonction : Informatique - Systèmes d'Information,A discuter,A discuter,Bac +5
Agent IT ODO,Casablanca,Informatique / Multimédia / Internet,Fonction : Informatique - Développement,CDI,A discuter,Bac +4
CHEF DE LA DIVISION EXPLOITATION & SUPPORT,Rabat,Informatique / Multimédia / Internet,Fonction : Informatique - Systèmes/Réseaux,CDI,A discuter,Bac +5
Coordinateur IT,Benguerir,Informatique / Multimédia / Internet,Fonction : Informatique - Développement Hardware,A discuter,8 000 - 10 000 DH,Bac +4
Software Project Manager,Mohammedia,Informatique / Multimédia / Internet,Fonction : Informatique - Développement,CDI,A discuter,Bac +5
HelpDesk Analyst ( Italian Speaking) - Rabat,Rabat,Informatique / Multimédia / Internet,Fonction : Informatique - Systèmes/Réseaux,CDI,A discuter,Bac +2
OFFERS D'EMPLOI,Casablanca,Informatique / Multimédia / Internet,Fonction : Informatique - Systèmes/Réseaux,A discuter,3 000 - 4 000 DH,Bac +2
Technicien de maintenance IT,Casablanca,Informatique / Multimédia / Internet,Fonction : Informatique - Systèmes/Réseaux,Interim,A discuter,Bac +2
Scrum master (H/F),Technopolis,Informatique / Multimédia / Internet,Informatique / Electronique,CDI,A discuter,Bac +5
Ingénieur V&V Ferroviaire,"Rabat, Rabat-Salé-Kénitra, Maroc",Ferroviaire,Informatique / Electronique,CDI,A discuter,Bac +5
Ingénieur devops,Casablanca,Banque / Finance,Informatique / Electronique,Freelance,A discuter,Bac +5
Data Analyst Confirmé H/F,Rabat,Centre d'appel,Informatique / Electronique,CDI,A discuter,Bac +3
Team Leader  junior Support IT,"Fès-Meknès, Maroc",Informatique / Multimédia / Internet,Informatique / Electronique,CDI,A discuter,Bac +3
Ingénieur Etude et Développement PHP (H/F),Rabat,Informatique / Multimédia / Internet,Informatique / Electronique,CDI,A discuter,Bac +5
"Senior NVH Performance Engineer (Noise, vibration and harshness)",Casablanca,Automobile / Motos / Cycles,Informatique / Electronique,CDI,A discuter,Bac +5
Vehicle Function Owner,Casablanca,Automobile / Motos / Cycles,Informatique / Electronique,CDI,A discuter,Bac +5
Technical Leader Senior,Casablanca,Informatique / Multimédia / Internet,Informatique / Electronique,Freelance,A discuter,Bac +5
Scrum Master,Rabat,Informatique / Multimédia / Internet,Informatique / Electronique,CDI,A discuter,Bac +5
Développeur .Net Core,Rabat,Informatique / Multimédia / Internet,Informatique / Electronique,CDI,A discuter,Bac +5
"Chef de projet IA, Intelligence Artificielle",Casablanca,Informatique / Multimédia / Internet,Informatique / Electronique,CDI,A discuter,Bac +5
Data Architect,Casablanca,Informatique / Multimédia / Internet,Informatique / Electronique,CDI,A discuter,Bac +5
Ingénieur Etudes et développements informatique,Casablanca,Banque / Finance,Informatique / Electronique,CDI,A discuter,Bac +5
Tech Lead,Casablanca,Informatique / Multimédia / Internet,Informatique / Electronique,CDI,A discuter,Bac +5
Service Delivery Officer,Rabat,Assurance / Courtage,Informatique / Electronique,CDI,A discuter,Bac +4
Test Manager Anglophone (H/F),Rabat,Informatique / Multimédia / Internet,Informatique / Electronique,CDI,A discuter,Bac +5
Consultant QlikSense H/F,Casablanca,Informatique / Multimédia / Internet,Informatique / Electronique,CDI,A discuter,Bac +5
Responsable Informatique,Casablanca,Banque / Finance,Informatique / Electronique,CDI,A discuter,Bac +3
Ingénieurs tests(H/F),Casablanca,Informatique / Multimédia / Internet,Informatique / Electronique,CDI,A discuter,Bac +5
Référent technique,Safi,Enseignement / Formation,Informatique / Electronique,CDI,A discuter,Autodidacte
Costbook Pilot,Casablanca,Automobile / Motos / Cycles,Informatique / Electronique,CDI,A discuter,Bac +4
Développeur Java Senior,Rabat,Informatique / Multimédia / Internet,Informatique / Electronique,CDI,A discuter,Bac +5
Consultant .NET (Secteur Assurance),Casablanca,Informatique / Multimédia / Internet,Informatique / Electronique,Freelance,A discuter,Bac +5
Développeur JAVA/Angular,Casablanca,Informatique / Multimédia / Internet,Informatique / Electronique,Freelance,A discuter,Bac +5
Senior Software Engineer/JAVA JEE,Casablanca,Informatique / Multimédia / Internet,Informatique / Electronique,CDI,A discuter,Bac +5
Senior Software Engineer Frontend (React/Angular),Casablanca,Informatique / Multimédia / Internet,Informatique / Electronique,CDI,A discuter,Bac +5
Infrastructure Engineer – Fluent English (M/F),Casablanca,Informatique / Multimédia / Internet,Informatique / Electronique,CDI,A discuter,Bac +5
Chargé du Support Applicatif (H/F),Casablanca,Informatique / Multimédia / Internet,Informatique / Electronique,CDI,A discuter,Bac +3
Développeur Full Stack - Laravel - Vue.js et Python,Casablanca,Informatique / Multimédia / Internet,Informatique / Electronique,CDI,A discuter,Bac +5
Business Analyste (H/F),Rabat,Informatique / Multimédia / Internet,Informatique / Electronique,CDI,A discuter,Bac +5
Ingénieur Test Automatisé Sénior (Selenium),Casablanca,Informatique / Multimédia / Internet,Informatique / Electronique,CDI,A discuter,Bac +5
Consultant JAVA Full Stack Senior,Rabat,Informatique / Multimédia / Internet,Informatique / Electronique,CDI,A discuter,Bac +4
Ingénieur Informaticien,Casablanca,Informatique / Multimédia / Internet,Informatique / Electronique,CDI,A discuter,Bac +5
Data Protection Custodian,Casablanca,Banque / Finance,Informatique / Electronique,CDI,A discuter,Bac +5
Business Intelligence Developer H/F,Casablanca,Banque / Finance,Informatique / Electronique,CDI,A discuter,Bac +5
Ingénieur DevOps (H/F),Casablanca,Banque / Finance,Informatique / Electronique,CDI,A discuter,Bac +5
Data Scientist (H/F),Casablanca,Informatique / Multimédia / Internet,Informatique / Electronique,CDI,A discuter,Bac +5
Application Manager (H/F),Casablanca,Banque / Finance,Informatique / Electronique,CDI,A discuter,Bac +5
Chef de Projet de Projet ORGA & Process (H/F),Casablanca,Banque / Finance,Informatique / Electronique,CDI,A discuter,Bac +5
Responsable Projets et Run Opérations de Marché Expérimenté en Kondor H/F,Casablanca,Banque / Finance,Informatique / Electronique,CDI,A discuter,Bac +5
Product Owner,Casablanca,Informatique / Multimédia / Internet,Informatique / Electronique,CDI,A discuter,Bac +5
Senior Data Scientist,Casablanca,Informatique / Multimédia / Internet,Informatique / Electronique,CDI,A discuter,Bac +5
Senior PHP Full-stack Developer,Casablanca,Informatique / Multimédia / Internet,Informatique / Electronique,CDI,A discuter,Bac +5
Senior Data Analyst,Casablanca,Informatique / Multimédia / Internet,Informatique / Electronique,CDI,A discuter,Bac +5
Scrum Master,Casablanca,Informatique / Multimédia / Internet,Informatique / Electronique,CDI,A discuter,Bac +5
IT Helpdesk Specialist,Casablanca,Informatique / Multimédia / Internet,Informatique / Electronique,CDI,A discuter,Bac +3
Chargé Etudes & Développement Senior,Casablanca,Banque / Finance,Informatique / Electronique,CDI,A discuter,Bac +5
Architecte solutions,Casablanca,Banque / Finance,Informatique / Electronique,CDI,A discuter,Bac +5
Développeur Mobile IOS Confirmé,Casablanca,Banque / Finance,Informatique / Electronique,CDI,A discuter,Bac +5
Senior Data Analyst (H/F),SALA AL JADIDA,Informatique / Multimédia / Internet,Informatique / Electronique,CDI,A discuter,Bac +5
Functionnal lead Modern Workplace,Casablanca,Banque / Finance,Informatique / Electronique,CDI,A discuter,Bac +5
Scrum master,Casablanca,Informatique / Multimédia / Internet,Informatique / Electronique,Freelance,A discuter,Bac +5
Stage PFE Sogecapital Gestion - Robot advisor,Casablanca,Banque / Finance,Informatique / Electronique,Stage,A discuter,Bac +5
Développeurs mobiles Seniors,Casablanca,Banque / Finance,Informatique / Electronique,Freelance,A discuter,Bac +5
Ingénieur Intégration RBS H/F,Rabat,Enseignement / Formation,Informatique / Electronique,CDI,A discuter,Bac +5
Senior Consultant Salesforce,Casablanca,Conseil / Etudes,Informatique / Electronique,CDI,A discuter,Bac +5
Concepteur Développeur Fullstack (H/F),Technopolis,Informatique / Multimédia / Internet,Informatique / Electronique,CDI,A discuter,Bac +5
"Administrateur Cloud AWS, CGP",Rabat,Informatique / Multimédia / Internet,Informatique / Electronique,CDI,A discuter,Bac +5
Développeur Fullstack Java JEE Senior,Rabat,Informatique / Multimédia / Internet,Informatique / Electronique,CDI,A discuter,Bac +5
Architecte Fonctionnel,Rabat Technopolis,Informatique / Multimédia / Internet,Informatique / Electronique,CDI,A discuter,Bac +5
Développeur Laravel / Vue JS,Casablanca,Informatique / Multimédia / Internet,Informatique / Electronique,CDI,A discuter,Bac +5
Tech Lead Java/ Ingénieur Senior Java,Rabat,Informatique / Multimédia / Internet,Informatique / Electronique,CDI,A discuter,Bac +5
IT Business Partner,Benguerir,Enseignement / Formation,Informatique / Electronique,CDI,A discuter,Bac +3
Delivery Manager IT,Benguerir,Enseignement / Formation,Informatique / Electronique,CDI,A discuter,Bac +5
Développeur Tibco & Développeur Salesforce module Velocity,Casablanca,Informatique / Multimédia / Internet,Informatique / Electronique,CDI,A discuter,Bac +5
IT ONSITE Engineer,Rabat,Informatique / Multimédia / Internet,Informatique / Electronique,CDI,A discuter,Bac +3
Consultation pour un Proxim IT bureautique ( suites bureautiques ( G-Suite / Microsoft office ),Casablanca,Informatique / Multimédia / Internet,Informatique / Electronique,Freelance,A discuter,Bac +5
Formateur en développement Web,Safi,Enseignement / Formation,Informatique / Electronique,CDI,A discuter,Autodidacte
Administrateur Système d'Information,Rabat,Informatique / Multimédia / Internet,Informatique / Electronique,CDI,A discuter,Bac +5
Technicien Helpdesck N1 (F/H),Mohammédia,Informatique / Multimédia / Internet,Informatique / Electronique,CDI,A discuter,Bac +2
Ingénieur ERP Décisionnel - Navision (H/F),Casablanca,Informatique / Multimédia / Internet,Informatique / Electronique,CDI,A discuter,Bac +5
Technicien Support Informatique,Bouskoura,Informatique / Multimédia / Internet,Informatique / Electronique,CDI,A discuter,Bac +2
Tech Lead développeur Python H/F,Technopolis,Informatique / Multimédia / Internet,Informatique / Electronique,CDI,A discuter,Bac +5
Administrateur Systèmes & Bases de données (H/F),Rabat,Agriculture / Environnement,Informatique / Electronique,CDI,A discuter,Bac +4
Ingénieur Réseau et infrastructure,Casablanca,Informatique / Multimédia / Internet,Informatique / Electronique,CDI,A discuter,Bac +5
Ingénieur technico-fonctionnel (H/F),Technopolis,Informatique / Multimédia / Internet,Informatique / Electronique,CDI,A discuter,Bac +5
"Devenez Consultant en rejoignant Leyton ! (Offre ouvertes aux ingénieurs, docteurs et doctorants en informatique)",Casablanca,Informatique / Multimédia / Internet,Informatique / Electronique,CDI,A discuter,Bac +5
Ingénieur Sécurité Informatique (H/F),Casablanca,Informatique / Multimédia / Internet,Informatique / Electronique,CDI,A discuter,Bac +5
Business Analyste (F/H),Fès,Informatique / Multimédia / Internet,Informatique / Electronique,CDI,A discuter,Bac +5
Directeur de compétences,Rabat,Informatique / Multimédia / Internet,Informatique / Electronique,CDI,A discuter,Bac +5
Tech lead Java (H/F),Casanearshore,Informatique / Multimédia / Internet,Informatique / Electronique,CDI,A discuter,Bac +5
Ingénieur DevOps (H/F),Technopolis,Informatique / Multimédia / Internet,Informatique / Electronique,CDI,A discuter,Bac +5
Tech Lead Ingénieur Réseau,Rabat,Informatique / Multimédia / Internet,Informatique / Electronique,CDI,A discuter,Bac +5
Site Manager (H/F),Agadir,Banque / Finance,Informatique / Electronique,CDI,A discuter,Bac +5
Expert Technique en Transformation Digitale du Secteur Public et en Politique Numérique (H/F),Rabat,Conseil / Etudes,Informatique / Electronique,Autre,A discuter,Bac +5
Chef de projet Système d’Informations,Casablanca,Informatique / Multimédia / Internet,Informatique / Electronique,CDI,A discuter,Bac +5
Concepteur développeur python,Technopolis,Informatique / Multimédia / Internet,Informatique / Electronique,CDI,A discuter,Bac +4
Technicien de Proximité,Salé - Technopolis,Informatique / Multimédia / Internet,Informatique / Electronique,CDI,A discuter,Bac +2
APL Change Management,Salé - Technopolis,Informatique / Multimédia / Internet,Informatique / Electronique,CDI,A discuter,Bac +3
Concepteur Développeur PHP (H/F),Technopolis,Informatique / Multimédia / Internet,Informatique / Electronique,CDI,A discuter,Bac +5
APL Incident Management,Salé (Technopolis),Informatique / Multimédia / Internet,Informatique / Electronique,CDI,A discuter,Bac +3
Testeur Automaticien (H/F),Rabat,Informatique / Multimédia / Internet,Informatique / Electronique,CDI,A discuter,Bac +5
Architecte Solutions (H/F),Casablanca,Banque / Finance,Informatique / Electronique,CDI,A discuter,Bac +5
Ingénieur Système (H/F),Rabat,Informatique / Multimédia / Internet,Informatique / Electronique,CDI,A discuter,Bac +5
Systems Administrator Junior,Sala Al Jadida,Informatique / Multimédia / Internet,Informatique / Electronique,CDI,A discuter,Bac +5
Ingénieur Logiciel DevOps Sénior ( H/F),Technopolis,Informatique / Multimédia / Internet,Informatique / Electronique,CDI,A discuter,Bac +5
Data analyst (H/F),Casablanca,Informatique / Multimédia / Internet,Informatique / Electronique,CDI,A discuter,Bac +5
Consultant Expert sécurité SI,Casablanca,Informatique / Multimédia / Internet,Informatique / Electronique,Freelance,A discuter,Bac +5
Team Leader PDT,Casablanca,Banque / Finance,Informatique / Electronique,CDI,A discuter,Bac +5
Expert Infrastructure SI,Casablanca,Banque / Finance,Informatique / Electronique,CDI,A discuter,Bac +5
Réfèrent technique C/C++ (H/F),technopolis,Informatique / Multimédia / Internet,Informatique / Electronique,CDI,A discuter,Bac +5
Préparateur des Salles TP et Laboratoires / Adjoint Technique,Fès,Enseignement / Formation,Informatique / Electronique,CDI,A discuter,Bac +2
Développeur(se) Salesforce,Casablanca,Informatique / Multimédia / Internet,Informatique / Electronique,CDI,A discuter,Bac +5
Ingénieur développement .Net Junior,Casablanca,Informatique / Multimédia / Internet,Informatique / Electronique,CDI,A discuter,Bac +5
Scrum Master (H/F),Casablanca,Informatique / Multimédia / Internet,Informatique / Electronique,CDI,A discuter,Bac +5
Développeur .NET Junior,Casablanca,Informatique / Multimédia / Internet,Informatique / Electronique,CDI,A discuter,Bac +5
Penetration Testing Expert (confirmed),Rabat,Assurance / Courtage,Informatique / Electronique,Freelance,A discuter,Bac +5
Penetration Testing Expert (Senior),Rabat,Assurance / Courtage,Informatique / Electronique,Freelance,A discuter,Bac +5
Stagiaire IT PFE (H/F) (Stage Rémunéré),Casablanca,Informatique / Multimédia / Internet,Informatique / Electronique,Stage,A discuter,Bac +5
Expert Technico Fonctionnel ( H/F),Technopolis,Informatique / Multimédia / Internet,Informatique / Electronique,CDI,A discuter,Bac +5
Software Engineer/JAVA JEE,Casablanca,Informatique / Multimédia / Internet,Informatique / Electronique,CDI,A discuter,Bac +5
Chef(s) de projet Production SI,Casablanca,Banque / Finance,Informatique / Electronique,CDI,A discuter,Bac +5
Chef de projet SI - Moyens de paiement,Casablanca,Autres services,Informatique / Electronique,CDI,A discuter,Bac +5
Chef de projet SI ( Plusieurs profils),Casablanca,Banque / Finance,Informatique / Electronique,CDI,A discuter,Bac +5
Consultant SAP FICO,"Rabat, Rabat-Salé-Kénitra, Maroc",Informatique / Multimédia / Internet,Informatique / Electronique,CDI,A discuter,Bac +5
Ingénieur d’études JAVA/J2EE,Casablanca,Informatique / Multimédia / Internet,Informatique / Electronique,CDI,A discuter,Bac +5
Développeur AS400 / RPG,Casablanca,Informatique / Multimédia / Internet,Informatique / Electronique,CDI,A discuter,Bac +5
Ingénieur Microsoft 365 H/F - Devoteam M Cloud,Casablanca,Conseil / Etudes,Informatique / Electronique,CDI,A discuter,Bac +5
Directeur de Projets Senior,Casablanca,Banque / Finance,Informatique / Electronique,Freelance,A discuter,Bac +5
Senior Backend Developer,Sala Al Jadida,Informatique / Multimédia / Internet,Informatique / Electronique,CDI,A discuter,Bac +5
Business Analyste (H/F),Casablanca,Informatique / Multimédia / Internet,Informatique / Electronique,CDI,A discuter,Bac +5
Expert .Net,Casablanca,Informatique / Multimédia / Internet,Informatique / Electronique,Freelance,A discuter,Bac +5
Concepteur Développeur PHP,Rabat,Informatique / Multimédia / Internet,Informatique / Electronique,CDI,A discuter,Bac +5
Agent de support IT,Casablanca,Informatique / Multimédia / Internet,Informatique / Electronique,Autre,A discuter,Bac +2
Chef de projet organisation et avant vente ( H/F),Casablanca,Informatique / Multimédia / Internet,Informatique / Electronique,CDI,A discuter,Bac +5
Ingénieur DevOps,Rabat,Assurance / Courtage,Informatique / Electronique,Freelance,A discuter,Bac +5
Chef de Projet Bancaire TMA,Casablanca,Banque / Finance,Informatique / Electronique,CDI,A discuter,Bac +5
Ingénieur DévOps,Casablanca,Informatique / Multimédia / Internet,Informatique / Electronique,CDI,A discuter,Bac +5
Responsable infrastructure IT,Casablanca,Informatique / Multimédia / Internet,Informatique / Electronique,CDI,A discuter,Bac +5
Chef de projet SAP,Rabat,Assurance / Courtage,Informatique / Electronique,Freelance,A discuter,Bac +5
Service Desk Analyst (Germanophone),Rabat,Centre d'appel,Informatique / Electronique,CDI,A discuter,Bac
Junior Data-Scientist Engineer,Benguerir,Enseignement / Formation,Informatique / Electronique,CDD,A discuter,Bac +5
Network Intrusion Detection Intelligent Systems Engineer,Benguerir,Enseignement / Formation,Informatique / Electronique,CDD,A discuter,Bac +5
Ingénieur Intégration Solutions Réseaux,Rabat Technopolis,Informatique / Multimédia / Internet,Informatique / Electronique,CDI,A discuter,Bac +5
Business Analyst,Rabat Technopolis,Informatique / Multimédia / Internet,Informatique / Electronique,CDI,A discuter,Bac +5
Data Engineer Python,Rabat,Distribution,Informatique / Electronique,CDI,A discuter,Bac +5
Intégrateur Système Middle Senior (H/F),Casablanca,Informatique / Multimédia / Internet,Informatique / Electronique,CDI,A discuter,Bac +4
Cloud SaaS Engineer Senior,"Technopolis, Salé",Informatique / Multimédia / Internet,Informatique / Electronique,CDI,A discuter,Bac +4
Intégrateur Système Middle Senior (H/F),Rabat,Informatique / Multimédia / Internet,Informatique / Electronique,CDI,A discuter,Bac +4
Support Engineer,Casablanca,Informatique / Multimédia / Internet,Informatique / Electronique,CDI,A discuter,Bac +4
Expert Cybersécurité (H/F),Casablanca,Banque / Finance,Informatique / Electronique,CDI,A discuter,Bac +5
Administrateur SI,Nouaceur,Informatique / Multimédia / Internet,Informatique / Electronique,CDI,A discuter,Bac +3
Architecte Technique Hybride H/F - Innovative Tech,Rabat,Informatique / Multimédia / Internet,Informatique / Electronique,CDI,A discuter,Bac +5
Tech Lead Java/Angular,Rabat,Informatique / Multimédia / Internet,Informatique / Electronique,CDI,A discuter,Bac +5
consultant Sécurité des systèmes d’information,Casablanca,Banque / Finance,Informatique / Electronique,Freelance,A discuter,Bac +5
Développeur Java/Angular Sénior,Rabat,Informatique / Multimédia / Internet,Informatique / Electronique,CDI,A discuter,Bac +5
Data Engineer Spark/Scala,Rabat,Informatique / Multimédia / Internet,Informatique / Electronique,CDI,A discuter,Bac +5
Industrial IT Expert,Casablanca,Autres Industries,Informatique / Electronique,CDI,A discuter,Bac +5
Leader Technique Windev (F/H),Casablanca,Informatique / Multimédia / Internet,Informatique / Electronique,CDI,A discuter,Bac +5
Leader Technique Dot Net (F/H),Casablanca,Informatique / Multimédia / Internet,Informatique / Electronique,CDI,A discuter,Bac +5
Technicien Spécialisé en Systèmes et Réseau,Meknès,Informatique / Multimédia / Internet,Informatique / Electronique,CDI,A discuter,Bac +2
SAP Responsible,Kénitra,Automobile / Motos / Cycles,Informatique / Electronique,CDI,A discuter,Bac +5
Service Desk Analyst (Hispanophone),Rabat,Centre d'appel,Informatique / Electronique,CDI,A discuter,Bac
SAP Basis Consultant,Rabat et périphérie,Informatique / Multimédia / Internet,Informatique / Electronique,CDI,A discuter,Bac +2
Java Developer,Sala Al Jadida,Informatique / Multimédia / Internet,Informatique / Electronique,CDI,A discuter,Bac +5
Chef de Projet BI Anglophone (F/H),Casablanca,Informatique / Multimédia / Internet,Informatique / Electronique,CDI,A discuter,Bac +5
Data Engineer,Rabat,Informatique / Multimédia / Internet,Informatique / Electronique,CDI,A discuter,Bac +5
Consultant BI,Casablanca,Comptabilité / Audit,Informatique / Electronique,CDI,A discuter,Bac +5
Technicien Service Desk FR/EN (H/F),Sala Al Jadida,Centre d'appel,Informatique / Electronique,CDI,A discuter,Bac +2
Testing DevOps Senior  / Project Management Service,Rabat,Assurance / Courtage,Informatique / Electronique,Freelance,A discuter,Bac +5
Responsable Informatique Expérimenté F/H,Casablanca,Informatique / Multimédia / Internet,Informatique / Electronique,CDI,A discuter,Bac +5
Consultant d'analyse de cycle de vie & modélisation d’impacts environnementaux (H/F),technopolis,Informatique / Multimédia / Internet,Informatique / Electronique,CDI,A discuter,Bac +5
IT PMO,Casablanca,Informatique / Multimédia / Internet,Informatique / Electronique,CDI,A discuter,Bac +3
Superviseur SI,Casablanca,Banque / Finance,Informatique / Electronique,Autre,A discuter,Bac +3
Tech Lead Java Spark,Casablanca,Informatique / Multimédia / Internet,Informatique / Electronique,Freelance,A discuter,Bac +5
Chef de Projet Senior / Agile,Fès,Informatique / Multimédia / Internet,Informatique / Electronique,CDI,A discuter,Bac +5
Consultant Cloud Azure & Data  (F/H),Casablanca,Informatique / Multimédia / Internet,Informatique / Electronique,CDI,A discuter,Bac +5
Expert Technique Java / Angular (F/H),Rabat,Informatique / Multimédia / Internet,Informatique / Electronique,CDI,A discuter,Bac +4
Expert Technique Java /J2EE Sénior (F/H),Fès,Informatique / Multimédia / Internet,Informatique / Electronique,CDI,A discuter,Bac +4
Développeur Full Stack Confirmé (F/H),Casablanca,Informatique / Multimédia / Internet,Informatique / Electronique,CDI,A discuter,Bac +5
Tech Lead Cloud Data Senior (F/H),Rabat,Informatique / Multimédia / Internet,Informatique / Electronique,Autre,A discuter,Bac +5
Architecte Cloud (F/H),Rabat,Informatique / Multimédia / Internet,Informatique / Electronique,CDI,A discuter,Bac +4
Ingénieur DevOps (F/H),Rabat,Informatique / Multimédia / Internet,Informatique / Electronique,CDI,A discuter,Bac +5
Expert Technique Java /J2EE Sénior (F/H),Casablanca,Informatique / Multimédia / Internet,Informatique / Electronique,CDI,A discuter,Bac +4
Expert Webmethods (F/H),Rabat,Informatique / Multimédia / Internet,Informatique / Electronique,CDI,A discuter,Bac +5
Ingénieur support applicatif niveau 2 expérimenté(e) F/H,Casablanca,Informatique / Multimédia / Internet,Informatique / Electronique,CDI,A discuter,Bac +5
Développeur(se) Web Full Stack Expérimenté(e) F/H,Casablanca,Informatique / Multimédia / Internet,Informatique / Electronique,CDI,A discuter,Bac +5
Tech Lead (H/F),Casablanca,Informatique / Multimédia / Internet,Informatique / Electronique,CDI,A discuter,Bac +5
Consultant Support FAI,Fès,Telecom,Informatique / Electronique,Autre,A discuter,Bac +2
Ingénieur Avant-Vente (Secteur Télécom),Mohammédia,Informatique / Multimédia / Internet,Informatique / Electronique,Freelance,A discuter,Bac +5
Administrateur SAP & bases de données (H/F),Casablanca,Energie,Informatique / Electronique,CDI,A discuter,Bac +5
Ingénieur Infrastructure et Cloud,Benguerir,Enseignement / Formation,Informatique / Electronique,CDI,A discuter,Bac +5
Ingénieur Production Applicative,Benguerir,Enseignement / Formation,Informatique / Electronique,CDI,A discuter,Bac +5
Scrum Master,Sala Al Jadida,Informatique / Multimédia / Internet,Informatique / Electronique,CDI,A discuter,Bac +5
Stage PFE : Intégrez nos Équipes et Évoluez à nos Côtés !,Casablanca,Informatique / Multimédia / Internet,Informatique / Electronique,Stage,A discuter,Bac +5
Data Architect ( H/F),Technopolis,Informatique / Multimédia / Internet,Informatique / Electronique,CDI,A discuter,Bac +5
Service desk analyst (Classic Arabic),Sala al Jadida,Informatique / Multimédia / Internet,Informatique / Electronique,CDI,A discuter,Bac +2
Data Architect (H/F),Rabat,Informatique / Multimédia / Internet,Informatique / Electronique,CDI,A discuter,Bac +5
Data Architect (H/F),Casablanca,Informatique / Multimédia / Internet,Informatique / Electronique,CDI,A discuter,Bac +5
Stagiaire Agent Helpdesk (H/F),Casablanca,Informatique / Multimédia / Internet,Informatique / Electronique,Stage,A discuter,Bac +2
Data Architect (H/F),Casablanca / Rabat,Informatique / Multimédia / Internet,Informatique / Electronique,CDI,A discuter,Bac +5
Service Delivery Officer - spécialisation Téléphonie (H/ F),Rabat,Informatique / Multimédia / Internet,Informatique / Electronique,CDI,A discuter,Bac +5
Web Developer,Sala Al Jadida,Informatique / Multimédia / Internet,Informatique / Electronique,CDI,A discuter,Bac +5
Développeur Front-end React (H/F),Casablanca,Informatique / Multimédia / Internet,Informatique / Electronique,CDI,A discuter,Bac +5
Expert Technico Fonctionnel Billing (H/F) -Débutant,Technopolis,Informatique / Multimédia / Internet,Informatique / Electronique,CDI,A discuter,Bac +5
Ingénieur DevOps (H/F) - Technopolis,Rabat,Informatique / Multimédia / Internet,Informatique / Electronique,CDI,A discuter,Bac +5
Développeur Node.js (Back-end),Casablanca,Informatique / Multimédia / Internet,Informatique / Electronique,CDI,A discuter,Bac +5
Ingénieur(e) Support (H/F),Rabat,Informatique / Multimédia / Internet,Informatique / Electronique,CDI,A discuter,Bac +2
